,orid,status
0,20190601H000000,review
1,20190601H020011,false
2,20190601H030088,false
3,20190601H030152,false
4,20190601H040015,false
5,20190601H040022,false
6,20190601H040037,false
7,20190601H100000,review
8,20190601H100005,review
9,20190601H100012,review
10,20190601H110001,review
11,20190601H150000,review
12,20190601H150001,correct
13,20190601H170000,false
14,20190601H170001,false
15,20190601H170002,false
16,20190601H190000,review
17,20190601H190002,review
18,20190601H190004,review
19,20190601H190018,false
20,20190601H200041,false
21,20190601H200143,false
22,20190601H200211,false
23,20190601H200277,false
24,20190601H210102,false
25,20190601H230412,false
26,20190602H000502,review
27,20190602H010018,false
28,20190602H030004,false
29,20190602H030045,false
30,20190602H120000,review
31,20190602H130004,false
32,20190602H130027,false
33,20190602H140095,false
34,20190602H140108,review
35,20190602H180008,false
36,20190602H180199,false
37,20190602H180214,false
38,20190603H000000,false
39,20190603H000002,false
40,20190603H010000,correct
41,20190603H040000,review
42,20190603H070001,review
43,20190603H140077,false
44,20190603H150016,false
45,20190603H150176,false
46,20190603H150251,false
47,20190603H150279,review
48,20190603H160006,false
49,20190603H160030,false
50,20190603H160578,false
51,20190603H170000,false
52,20190603H170052,false
53,20190603H170081,false
54,20190603H170112,false
55,20190603H180004,false
56,20190603H180026,false
57,20190603H180039,false
58,20190603H190044,false
59,20190603H190113,false
60,20190603H190162,false
61,20190603H200080,false
62,20190603H210019,false
63,20190603H210086,false
64,20190603H220035,false
65,20190603H220044,review
66,20190603H220052,review
67,20190603H220078,review
68,20190603H220229,false
69,20190603H220253,false
70,20190603H220318,false
71,20190603H220414,false
72,20190603H220513,false
73,20190603H230032,false
74,20190603H230036,false
75,20190603H230039,false
76,20190603H230048,false
77,20190603H230075,false
78,20190603H230113,false
79,20190603H230161,false
80,20190603H230196,false
81,20190603H230311,false
82,20190603H230598,false
83,20190604H000006,false
84,20190604H000050,review
85,20190604H000242,false
86,20190604H000330,false
87,20190604H040000,review
88,20190604H040001,false
89,20190604H050041,false
90,20190604H050050,review
91,20190604H050060,false
92,20190604H050328,false
93,20190604H130043,false
94,20190604H140004,review
95,20190604H140040,false
96,20190604H140041,false
97,20190604H140606,false
98,20190604H150021,unassigned
99,20190604H150034,unassigned
100,20190604H150037,unassigned
101,20190604H150044,unassigned
102,20190604H150095,unassigned
103,20190604H150360,unassigned
104,20190604H150635,unassigned
105,20190604H160155,unassigned
106,20190604H170078,unassigned
107,20190604H170442,unassigned
108,20190604H170685,unassigned
109,20190604H180001,unassigned
110,20190604H180002,unassigned
111,20190604H190006,unassigned
112,20190604H220019,unassigned
113,20190604H220078,unassigned
114,20190605H000002,unassigned
115,20190605H010278,unassigned
116,20190605H030041,unassigned
117,20190605H140000,unassigned
118,20190605H140011,unassigned
119,20190605H140024,unassigned
120,20190605H150029,unassigned
121,20190605H170000,unassigned
122,20190605H170007,unassigned
123,20190605H170028,unassigned
124,20190605H170050,unassigned
125,20190605H170162,unassigned
126,20190605H170360,unassigned
127,20190605H170396,unassigned
128,20190605H170639,unassigned
129,20190605H180010,unassigned
130,20190605H180026,unassigned
131,20190605H180162,unassigned
132,20190605H190306,unassigned
133,20190605H190344,unassigned
134,20190605H190370,unassigned
135,20190605H200043,unassigned
136,20190605H200088,unassigned
137,20190605H200187,unassigned
138,20190605H200262,unassigned
139,20190605H200321,unassigned
140,20190605H200404,unassigned
141,20190605H210003,unassigned
142,20190605H210010,unassigned
143,20190605H210031,unassigned
144,20190605H210054,unassigned
145,20190605H210749,unassigned
146,20190605H220006,unassigned
147,20190605H220010,unassigned
148,20190605H220065,unassigned
149,20190605H220096,unassigned
150,20190605H220113,unassigned
151,20190605H220177,unassigned
152,20190605H230015,unassigned
153,20190605H230023,unassigned
154,20190605H230048,unassigned
155,20190605H230068,unassigned
156,20190605H230120,unassigned
157,20190605H230121,unassigned
158,20190605H230152,unassigned
159,20190605H230173,unassigned
160,20190605H230183,unassigned
161,20190605H230207,unassigned
162,20190605H230275,unassigned
163,20190605H230312,unassigned
164,20190605H230313,unassigned
165,20190605H230476,unassigned
166,20190606H000053,unassigned
167,20190606H030024,unassigned
168,20190606H030197,unassigned
169,20190606H170000,unassigned
170,20190606H210000,unassigned
171,20190606H210001,unassigned
172,20190606H210002,unassigned
173,20190606H230000,unassigned
174,20190606H230002,unassigned
175,20190606H230008,unassigned
176,20190606H230015,unassigned
177,20190606H230022,unassigned
178,20190607H000000,unassigned
179,20190607H000001,unassigned
180,20190607H020000,unassigned
181,20190607H020001,unassigned
182,20190607H020003,unassigned
183,20190607H020202,unassigned
184,20190607H020626,unassigned
185,20190607H040166,unassigned
186,20190607H070000,unassigned
187,20190607H070037,unassigned
188,20190607H070044,unassigned
189,20190607H070048,unassigned
190,20190607H070064,unassigned
191,20190607H080000,unassigned
192,20190607H080001,unassigned
193,20190607H080002,unassigned
194,20190607H080003,unassigned
195,20190607H080004,unassigned
196,20190607H080008,unassigned
197,20190607H080009,unassigned
198,20190607H100054,unassigned
199,20190607H100082,unassigned
200,20190607H100406,unassigned
201,20190607H110047,unassigned
202,20190607H120011,unassigned
203,20190607H120032,unassigned
204,20190607H120065,unassigned
205,20190607H130107,unassigned
206,20190607H130113,unassigned
207,20190607H130215,unassigned
208,20190607H130221,unassigned
209,20190607H130227,unassigned
210,20190607H130237,unassigned
211,20190607H130295,unassigned
212,20190607H140003,unassigned
213,20190607H140006,unassigned
214,20190607H140007,unassigned
215,20190607H140008,unassigned
216,20190607H140018,unassigned
217,20190607H140055,unassigned
218,20190607H140063,unassigned
219,20190607H140093,unassigned
220,20190607H140102,unassigned
221,20190607H140123,unassigned
222,20190607H140164,unassigned
223,20190607H140187,unassigned
224,20190607H140237,unassigned
225,20190607H150015,unassigned
226,20190607H150026,unassigned
227,20190607H150075,unassigned
228,20190607H150346,unassigned
229,20190607H150375,unassigned
230,20190607H160041,unassigned
231,20190607H160053,unassigned
232,20190607H160055,unassigned
233,20190607H160206,unassigned
234,20190607H160498,unassigned
235,20190607H180000,unassigned
236,20190607H180001,unassigned
237,20190607H180002,unassigned
238,20190607H180006,unassigned
239,20190607H180008,unassigned
240,20190607H180060,unassigned
241,20190607H180088,unassigned
242,20190607H180107,unassigned
243,20190607H180172,unassigned
244,20190607H180222,unassigned
245,20190607H180228,unassigned
246,20190607H180306,unassigned
247,20190607H180356,unassigned
248,20190607H190006,unassigned
249,20190607H190104,unassigned
250,20190607H190291,unassigned
251,20190607H200000,unassigned
252,20190607H200010,unassigned
253,20190607H200031,unassigned
254,20190607H200072,unassigned
255,20190607H200273,unassigned
256,20190607H200309,unassigned
257,20190607H210000,unassigned
258,20190607H210005,unassigned
259,20190607H210076,unassigned
260,20190607H210114,unassigned
261,20190607H210386,unassigned
262,20190607H210497,unassigned
263,20190607H210547,unassigned
264,20190607H220002,unassigned
265,20190607H220004,unassigned
266,20190607H220100,unassigned
267,20190607H220219,unassigned
268,20190607H230006,unassigned
269,20190607H230018,unassigned
270,20190607H230025,unassigned
271,20190607H230027,unassigned
272,20190607H230084,unassigned
273,20190607H230459,unassigned
274,20190608H000000,unassigned
275,20190608H000003,unassigned
276,20190608H000004,unassigned
277,20190608H000005,unassigned
278,20190608H000007,unassigned
279,20190608H000008,unassigned
280,20190608H000012,unassigned
281,20190608H000015,unassigned
282,20190608H000017,unassigned
283,20190608H000018,unassigned
284,20190608H000022,unassigned
285,20190608H000034,unassigned
286,20190608H000051,unassigned
287,20190608H000060,unassigned
288,20190608H000075,unassigned
289,20190608H000325,unassigned
290,20190608H000480,unassigned
291,20190608H010033,unassigned
292,20190608H010057,unassigned
293,20190608H010158,unassigned
294,20190608H010192,unassigned
295,20190608H020037,unassigned
296,20190608H020042,unassigned
297,20190608H020123,unassigned
298,20190608H020368,unassigned
299,20190608H030091,unassigned
300,20190608H030117,unassigned
301,20190608H030138,unassigned
302,20190608H030208,unassigned
303,20190608H030212,unassigned
304,20190608H030234,unassigned
305,20190608H030298,unassigned
306,20190608H030336,unassigned
307,20190608H030426,unassigned
308,20190608H030488,unassigned
309,20190608H030545,unassigned
310,20190608H030566,unassigned
311,20190608H030750,unassigned
312,20190608H040122,unassigned
313,20190608H040313,unassigned
314,20190608H070004,unassigned
315,20190608H070009,unassigned
316,20190608H110000,unassigned
317,20190608H130000,unassigned
318,20190608H130002,unassigned
319,20190608H130003,unassigned
320,20190608H130065,unassigned
321,20190608H130166,unassigned
322,20190608H140000,unassigned
323,20190608H140001,unassigned
324,20190608H140002,unassigned
325,20190608H140003,unassigned
326,20190608H140007,unassigned
327,20190608H140011,unassigned
328,20190608H140012,unassigned
329,20190608H140014,unassigned
330,20190608H140015,unassigned
331,20190608H140043,unassigned
332,20190608H140057,unassigned
333,20190608H150182,unassigned
334,20190608H150191,unassigned
335,20190608H160157,unassigned
336,20190608H160201,unassigned
337,20190608H160379,unassigned
338,20190608H160397,unassigned
339,20190608H180002,unassigned
340,20190608H180022,unassigned
341,20190608H180039,unassigned
342,20190608H180049,unassigned
343,20190608H180078,unassigned
344,20190608H180165,unassigned
345,20190608H190000,unassigned
346,20190608H190001,unassigned
347,20190608H190003,unassigned
348,20190608H190032,unassigned
349,20190608H190037,unassigned
350,20190608H190039,unassigned
351,20190608H190555,unassigned
352,20190608H190616,unassigned
353,20190608H200029,unassigned
354,20190608H200062,unassigned
355,20190608H200095,unassigned
356,20190608H200354,unassigned
357,20190608H220051,unassigned
358,20190608H220086,unassigned
359,20190608H230027,unassigned
360,20190608H230192,unassigned
361,20190608H230270,unassigned
362,20190608H230315,unassigned
363,20190608H230754,unassigned
364,20190609H000121,unassigned
365,20190609H020000,unassigned
366,20190609H020001,unassigned
367,20190609H040002,unassigned
368,20190609H040003,unassigned
369,20190609H040004,unassigned
370,20190609H100000,unassigned
371,20190609H100001,unassigned
372,20190609H110009,unassigned
373,20190609H110013,unassigned
374,20190609H160053,unassigned
375,20190609H160510,unassigned
376,20190609H170045,unassigned
377,20190609H170090,unassigned
378,20190609H170103,unassigned
379,20190609H170105,unassigned
380,20190609H190223,unassigned
381,20190609H200000,unassigned
382,20190609H200012,unassigned
383,20190609H200164,unassigned
384,20190609H220013,unassigned
385,20190610H010000,unassigned
386,20190610H010039,unassigned
387,20190610H020003,unassigned
388,20190610H020055,unassigned
389,20190610H100000,unassigned
390,20190610H130006,unassigned
391,20190610H130048,unassigned
392,20190610H150205,unassigned
393,20190610H160046,unassigned
394,20190610H170012,unassigned
395,20190610H170269,unassigned
396,20190610H180059,unassigned
397,20190610H180214,unassigned
398,20190610H200490,unassigned
399,20190610H210000,unassigned
400,20190610H210001,unassigned
401,20190610H210007,unassigned
402,20190610H230000,unassigned
403,20190611H000022,unassigned
404,20190611H000030,unassigned
405,20190611H000127,unassigned
406,20190611H030000,unassigned
407,20190611H090000,unassigned
408,20190611H170021,unassigned
409,20190611H170037,unassigned
410,20190611H170078,unassigned
411,20190611H180653,unassigned
412,20190611H190004,unassigned
413,20190611H200001,unassigned
414,20190611H200013,unassigned
415,20190611H200464,unassigned
416,20190611H210017,unassigned
417,20190611H210023,unassigned
418,20190611H210025,unassigned
419,20190611H210054,unassigned
420,20190611H210077,unassigned
421,20190611H210121,unassigned
422,20190611H220002,unassigned
423,20190611H220004,unassigned
424,20190611H230007,unassigned
425,20190611H230008,unassigned
426,20190611H230014,unassigned
427,20190611H230024,unassigned
428,20190611H230049,unassigned
429,20190611H230185,unassigned
430,20190611H230228,unassigned
431,20190612H000021,unassigned
432,20190612H000036,unassigned
433,20190612H000172,unassigned
434,20190612H000213,unassigned
435,20190612H000225,unassigned
436,20190612H010008,unassigned
437,20190612H010079,unassigned
438,20190612H010081,unassigned
439,20190612H010231,unassigned
440,20190612H020019,unassigned
441,20190612H050000,unassigned
442,20190612H110000,unassigned
443,20190612H130042,unassigned
444,20190612H130076,unassigned
445,20190612H130111,unassigned
446,20190612H150027,unassigned
447,20190612H150033,unassigned
448,20190612H150493,unassigned
449,20190612H160006,unassigned
450,20190612H160007,unassigned
451,20190612H160018,unassigned
452,20190612H160027,unassigned
453,20190612H160571,unassigned
454,20190612H180215,unassigned
455,20190612H190006,unassigned
456,20190612H190015,unassigned
457,20190612H190362,unassigned
458,20190612H200013,unassigned
459,20190613H000002,unassigned
460,20190613H000064,unassigned
461,20190613H000156,unassigned
462,20190613H040010,unassigned
463,20190613H050019,unassigned
464,20190613H050423,unassigned
465,20190613H090138,unassigned
466,20190613H140000,unassigned
467,20190613H150000,unassigned
468,20190613H190000,unassigned
469,20190613H200000,unassigned
470,20190613H210006,unassigned
471,20190613H220000,unassigned
472,20190613H220001,unassigned
473,20190613H220019,unassigned
474,20190613H220034,unassigned
475,20190613H220092,unassigned
476,20190613H230203,unassigned
477,20190614H000000,unassigned
478,20190614H000055,unassigned
479,20190614H000106,unassigned
480,20190614H010024,unassigned
481,20190614H030069,unassigned
482,20190614H030169,unassigned
483,20190614H030186,unassigned
484,20190614H040074,unassigned
485,20190614H100000,unassigned
486,20190614H180000,unassigned
487,20190614H190005,unassigned
488,20190614H210000,unassigned
489,20190614H210003,unassigned
490,20190614H210018,unassigned
491,20190614H210022,unassigned
492,20190614H210029,unassigned
493,20190614H210030,unassigned
494,20190614H210043,unassigned
495,20190614H210045,unassigned
496,20190614H210050,unassigned
497,20190614H210079,unassigned
498,20190614H210085,unassigned
499,20190614H210086,unassigned
500,20190601H000000,review
501,20190601H020011,false
502,20190601H030088,false
503,20190601H030152,false
504,20190601H040015,false
505,20190601H040022,false
506,20190601H040037,false
507,20190601H100000,review
508,20190601H100005,review
509,20190601H100012,review
510,20190601H110001,review
511,20190601H150000,review
512,20190601H150001,correct
513,20190601H170000,false
514,20190601H170001,false
515,20190601H170002,false
516,20190601H190000,review
517,20190601H190002,review
518,20190601H190004,review
519,20190601H190018,false
520,20190601H200041,false
521,20190601H200143,false
522,20190601H200211,false
523,20190601H200277,false
524,20190601H210102,false
525,20190601H230412,false
526,20190602H000502,review
527,20190602H010018,false
528,20190602H030004,false
529,20190602H030045,false
530,20190602H120000,review
531,20190602H130004,false
532,20190602H130027,false
533,20190602H140095,false
534,20190602H140108,review
535,20190602H180008,false
536,20190602H180199,false
537,20190602H180214,false
538,20190603H000000,false
539,20190603H000002,false
540,20190603H010000,correct
541,20190603H040000,review
542,20190603H070001,review
543,20190603H140077,false
544,20190603H150016,false
545,20190603H150176,false
546,20190603H150251,false
547,20190603H150279,review
548,20190603H160006,false
549,20190603H160030,false
550,20190603H160578,false
551,20190603H170000,false
552,20190603H170052,false
553,20190603H170081,false
554,20190603H170112,false
555,20190603H180004,false
556,20190603H180026,false
557,20190603H180039,false
558,20190603H190044,false
559,20190603H190113,false
560,20190603H190162,false
561,20190603H200080,false
562,20190603H210019,false
563,20190603H210086,false
564,20190603H220035,false
565,20190603H220044,review
566,20190603H220052,review
567,20190603H220078,review
568,20190603H220229,false
569,20190603H220253,false
570,20190603H220318,false
571,20190603H220414,false
572,20190603H220513,false
573,20190603H230032,false
574,20190603H230036,false
575,20190603H230039,false
576,20190603H230048,false
577,20190603H230075,false
578,20190603H230113,false
579,20190603H230161,false
580,20190603H230196,false
581,20190603H230311,false
582,20190603H230598,false
583,20190604H000006,false
584,20190604H000050,review
585,20190604H000242,false
586,20190604H000330,false
587,20190604H040000,review
588,20190604H040001,false
589,20190604H050041,false
590,20190604H050050,review
591,20190604H050060,false
592,20190604H050328,false
593,20190604H130043,false
594,20190604H140004,review
595,20190604H140040,false
596,20190604H140041,false
597,20190604H140606,false
598,20190604H150021,false
599,20190604H150034,false
600,20190604H150037,false
601,20190604H150044,false
602,20190604H150095,false
603,20190604H150360,review
604,20190604H150635,false
605,20190604H160155,false
606,20190604H170078,false
607,20190604H170442,false
608,20190604H170685,false
609,20190604H180001,review
610,20190604H180002,review
611,20190604H190006,false
612,20190604H220019,review
613,20190604H220078,false
614,20190605H000002,false
615,20190605H010278,false
616,20190605H030041,false
617,20190605H140000,false
618,20190605H140011,false
619,20190605H140024,false
620,20190605H150029,false
621,20190605H170000,false
622,20190605H170007,false
623,20190605H170028,false
624,20190605H170050,false
625,20190605H170162,false
626,20190605H170360,false
627,20190605H170396,false
628,20190605H170639,review
629,20190605H180010,false
630,20190605H180026,false
631,20190605H180162,review
632,20190605H190306,false
633,20190605H190344,false
634,20190605H190370,false
635,20190605H200043,false
636,20190605H200088,false
637,20190605H200187,false
638,20190605H200262,review
639,20190605H200321,false
640,20190605H200404,false
641,20190605H210003,review
642,20190605H210010,false
643,20190605H210031,false
644,20190605H210054,false
645,20190605H210749,false
646,20190605H220006,false
647,20190605H220010,false
648,20190605H220065,false
649,20190605H220096,review
650,20190605H220113,false
651,20190605H220177,false
652,20190605H230015,review
653,20190605H230023,false
654,20190605H230048,false
655,20190605H230068,false
656,20190605H230120,false
657,20190605H230121,false
658,20190605H230152,false
659,20190605H230173,false
660,20190605H230183,false
661,20190605H230207,false
662,20190605H230275,false
663,20190605H230312,false
664,20190605H230313,review
665,20190605H230476,false
666,20190606H000053,false
667,20190606H030024,false
668,20190606H030197,false
669,20190606H170000,review
670,20190606H210000,review
671,20190606H210001,review
672,20190606H210002,review
673,20190606H230000,review
674,20190606H230002,false
675,20190606H230008,false
676,20190606H230015,review
677,20190606H230022,review
678,20190607H000000,review
679,20190607H000001,review
680,20190607H020000,review
681,20190607H020001,review
682,20190607H020003,review
683,20190607H020202,review
684,20190607H020626,review
685,20190607H040166,false
686,20190607H070000,review
687,20190607H070037,false
688,20190607H070044,false
689,20190607H070048,false
690,20190607H070064,false
691,20190607H080000,review
692,20190607H080001,review
693,20190607H080002,review
694,20190607H080003,review
695,20190607H080004,review
696,20190607H080008,review
697,20190607H080009,review
698,20190607H100054,false
699,20190607H100082,review
700,20190607H100406,false
701,20190607H110047,false
702,20190607H120011,false
703,20190607H120032,false
704,20190607H120065,false
705,20190607H130107,false
706,20190607H130113,false
707,20190607H130215,false
708,20190607H130221,false
709,20190607H130227,false
710,20190607H130237,false
711,20190607H130295,false
712,20190607H140003,false
713,20190607H140006,review
714,20190607H140007,false
715,20190607H140008,false
716,20190607H140018,review
717,20190607H140055,false
718,20190607H140063,false
719,20190607H140093,false
720,20190607H140102,false
721,20190607H140123,review
722,20190607H140164,false
723,20190607H140187,false
724,20190607H140237,false
725,20190607H150015,false
726,20190607H150026,false
727,20190607H150075,false
728,20190607H150346,false
729,20190607H150375,false
730,20190607H160041,review
731,20190607H160053,review
732,20190607H160055,review
733,20190607H160206,false
734,20190607H160498,false
735,20190607H180000,review
736,20190607H180001,review
737,20190607H180002,review
738,20190607H180006,false
739,20190607H180008,review
740,20190607H180060,false
741,20190607H180088,false
742,20190607H180107,false
743,20190607H180172,false
744,20190607H180222,false
745,20190607H180228,false
746,20190607H180306,false
747,20190607H180356,review
748,20190607H190006,false
749,20190607H190104,false
750,20190607H190291,false
751,20190607H200000,review
752,20190607H200010,false
753,20190607H200031,false
754,20190607H200072,false
755,20190607H200273,false
756,20190607H200309,false
757,20190607H210000,review
758,20190607H210005,false
759,20190607H210076,false
760,20190607H210114,false
761,20190607H210386,false
762,20190607H210497,false
763,20190607H210547,false
764,20190607H220002,review
765,20190607H220004,review
766,20190607H220100,false
767,20190607H220219,false
768,20190607H230006,false
769,20190607H230018,false
770,20190607H230025,false
771,20190607H230027,false
772,20190607H230084,false
773,20190607H230459,false
774,20190608H000000,review
775,20190608H000003,false
776,20190608H000004,false
777,20190608H000005,review
778,20190608H000007,review
779,20190608H000008,review
780,20190608H000012,review
781,20190608H000015,review
782,20190608H000017,false
783,20190608H000018,review
784,20190608H000022,false
785,20190608H000034,false
786,20190608H000051,false
787,20190608H000060,false
788,20190608H000075,false
789,20190608H000325,false
790,20190608H000480,review
791,20190608H010033,review
792,20190608H010057,review
793,20190608H010158,false
794,20190608H010192,review
795,20190608H020037,review
796,20190608H020042,review
797,20190608H020123,false
798,20190608H020368,false
799,20190608H030091,false
800,20190608H030117,false
801,20190608H030138,review
802,20190608H030208,false
803,20190608H030212,false
804,20190608H030234,false
805,20190608H030298,false
806,20190608H030336,review
807,20190608H030426,false
808,20190608H030488,false
809,20190608H030545,review
810,20190608H030566,false
811,20190608H030750,false
812,20190608H040122,false
813,20190608H040313,review
814,20190608H070004,review
815,20190608H070009,review
816,20190608H110000,correct
817,20190608H130000,review
818,20190608H130002,review
819,20190608H130003,review
820,20190608H130065,false
821,20190608H130166,false
822,20190608H140000,review
823,20190608H140001,review
824,20190608H140002,review
825,20190608H140003,review
826,20190608H140007,review
827,20190608H140011,review
828,20190608H140012,false
829,20190608H140014,review
830,20190608H140015,review
831,20190608H140043,review
832,20190608H140057,review
833,20190608H150182,false
834,20190608H150191,false
835,20190608H160157,false
836,20190608H160201,false
837,20190608H160379,false
838,20190608H160397,false
839,20190608H180002,review
840,20190608H180022,review
841,20190608H180039,false
842,20190608H180049,false
843,20190608H180078,false
844,20190608H180165,false
845,20190608H190000,false
846,20190608H190001,false
847,20190608H190003,false
848,20190608H190032,false
849,20190608H190037,false
850,20190608H190039,false
851,20190608H190555,false
852,20190608H190616,false
853,20190608H200029,false
854,20190608H200062,false
855,20190608H200095,false
856,20190608H200354,false
857,20190608H220051,review
858,20190608H220086,false
859,20190608H230027,false
860,20190608H230192,false
861,20190608H230270,false
862,20190608H230315,false
863,20190608H230754,false
864,20190609H000121,review
865,20190609H020000,review
866,20190609H020001,review
867,20190609H040002,review
868,20190609H040003,review
869,20190609H040004,review
870,20190609H100000,review
871,20190609H100001,review
872,20190609H110009,review
873,20190609H110013,review
874,20190609H160053,review
875,20190609H160510,false
876,20190609H170045,false
877,20190609H170090,false
878,20190609H170103,false
879,20190609H170105,false
880,20190609H190223,false
881,20190609H200000,review
882,20190609H200012,false
883,20190609H200164,false
884,20190609H220013,false
885,20190610H010000,review
886,20190610H010039,false
887,20190610H020003,false
888,20190610H020055,false
889,20190610H100000,review
890,20190610H130006,false
891,20190610H130048,false
892,20190610H150205,false
893,20190610H160046,review
894,20190610H170012,false
895,20190610H170269,false
896,20190610H180059,false
897,20190610H180214,false
898,20190610H200490,false
899,20190610H210000,correct
900,20190610H210001,review
901,20190610H210007,false
902,20190610H230000,review
903,20190611H000022,false
904,20190611H000030,false
905,20190611H000127,false
906,20190611H030000,false
907,20190611H090000,review
908,20190611H170021,false
909,20190611H170037,false
910,20190611H170078,false
911,20190611H180653,false
912,20190611H190004,review
913,20190611H200001,false
914,20190611H200013,false
915,20190611H200464,false
916,20190611H210017,false
917,20190611H210023,false
918,20190611H210025,false
919,20190611H210054,false
920,20190611H210077,false
921,20190611H210121,false
922,20190611H220002,false
923,20190611H220004,false
924,20190611H230007,false
925,20190611H230008,false
926,20190611H230014,false
927,20190611H230024,false
928,20190611H230049,false
929,20190611H230185,false
930,20190611H230228,false
931,20190612H000021,false
932,20190612H000036,false
933,20190612H000172,false
934,20190612H000213,false
935,20190612H000225,review
936,20190612H010008,false
937,20190612H010079,false
938,20190612H010081,false
939,20190612H010231,false
940,20190612H020019,false
941,20190612H050000,review
942,20190612H110000,review
943,20190612H130042,false
944,20190612H130076,false
945,20190612H130111,false
946,20190612H150027,false
947,20190612H150033,false
948,20190612H150493,false
949,20190612H160006,false
950,20190612H160007,false
951,20190612H160018,false
952,20190612H160027,review
953,20190612H160571,false
954,20190612H180215,false
955,20190612H190006,review
956,20190612H190015,false
957,20190612H190362,review
958,20190612H200013,review
959,20190613H000002,false
960,20190613H000064,false
961,20190613H000156,false
962,20190613H040010,false
963,20190613H050019,false
964,20190613H050423,false
965,20190613H090138,false
966,20190613H140000,false
967,20190613H150000,review
968,20190613H190000,review
969,20190613H200000,review
970,20190613H210006,false
971,20190613H220000,review
972,20190613H220001,review
973,20190613H220019,false
974,20190613H220034,false
975,20190613H220092,false
976,20190613H230203,false
977,20190614H000000,false
978,20190614H000055,false
979,20190614H000106,false
980,20190614H010024,review
981,20190614H030069,false
982,20190614H030169,false
983,20190614H030186,false
984,20190614H040074,false
985,20190614H100000,review
986,20190614H180000,review
987,20190614H190005,false
988,20190614H210000,false
989,20190614H210003,false
990,20190614H210018,false
991,20190614H210022,false
992,20190614H210029,review
993,20190614H210030,review
994,20190614H210043,false
995,20190614H210045,false
996,20190614H210050,review
997,20190614H210079,false
998,20190614H210085,review
999,20190614H210086,false
