,Unnamed: 0,datetime,lat,lon,depth,ndef,orid,quality,evid,area_id
0,0,2019-06-01 00:44:39.807976723,55.966875000000016,-120.91999999999996,1.3125,14,20190601H000000,12,20190601H000000,3
1,214,2019-06-01 03:04:18.586212158,55.86000000000001,-120.56999999999992,0.0,7,20190601H020011,6,20190601H020000,3
2,398,2019-06-01 03:10:38.078540325,56.19750000000002,-121.2,1.0,8,20190601H030088,-1,20190601H030000,3
3,440,2019-06-01 03:11:01.945606709,55.5225,-119.83999999999979,1.0,7,20190601H030152,-1,20190601H030000,3
4,574,2019-06-01 04:15:23.976455212,55.86843750000001,-121.25,2.875,7,20190601H040015,6,20190601H040002,3
5,577,2019-06-01 04:15:27.407743216,56.04000000000002,-120.87999999999997,1.0,7,20190601H040022,-1,20190601H040002,3
6,587,2019-06-01 04:15:13.505416632,55.758750000000006,-121.1,0.0,6,20190601H040037,6,20190601H040002,3
7,1703,2019-06-01 10:16:39.703072071,56.05687500000001,-120.80499999999996,0.3125,14,20190601H100000,14,20190601H100000,3
8,1706,2019-06-01 10:16:40.150628328,56.04000000000002,-120.79999999999994,1.0,10,20190601H100005,-1,20190601H100000,3
9,1709,2019-06-01 10:16:29.140735388,55.63500000000001,-121.2,1.0,8,20190601H100012,-1,20190601H100000,3
10,1771,2019-06-01 11:49:23.953023911,55.68,-120.35499999999986,0.0,7,20190601H110001,6,20190601H110000,3
11,2340,2019-06-01 16:00:02.102770329,55.90218750000001,-120.41499999999986,4.125,7,20190601H150000,7,20190601H150000,3
12,2341,2019-06-01 15:20:40.716538668,56.01750000000001,-120.65999999999993,3.5,10,20190601H150001,9,20190601H150000,3
13,2561,2019-06-01 17:29:13.282752752,55.99500000000002,-120.31999999999987,1.0,7,20190601H170000,-1,20190601H170000,3
14,2562,2019-06-01 17:29:07.375472546,55.93875000000001,-120.90499999999996,1.3125,6,20190601H170001,6,20190601H170000,3
15,2563,2019-06-01 17:29:07.684137821,55.927500000000016,-120.87999999999997,1.0,7,20190601H170002,-1,20190601H170000,3
16,2889,2019-06-01 19:47:30.775391340,56.04843750000001,-120.76999999999994,0.3125,8,20190601H190000,7,20190601H190000,3
17,2890,2019-06-01 19:47:25.502777100,56.15531250000002,-121.00999999999998,3.1875,7,20190601H190002,7,20190601H190000,3
18,2892,2019-06-01 19:47:26.178452730,56.13562500000002,-120.98999999999997,0.0,7,20190601H190004,6,20190601H190000,3
19,2898,2019-06-01 19:07:21.552852869,55.57593749999999,-120.66499999999992,2.5625,6,20190601H190018,6,20190601H190000,3
20,3137,2019-06-01 20:07:54.834021807,55.969687500000006,-120.51499999999987,1.9375,6,20190601H200041,6,20190601H200000,3
21,3209,2019-06-01 20:16:37.473843098,55.59,-119.79999999999978,1.0,7,20190601H200143,-1,20190601H200000,3
22,3258,2019-06-01 20:16:27.563963413,56.28750000000003,-120.83999999999996,1.0,7,20190601H200211,-1,20190601H200000,3
23,3299,2019-06-01 20:16:32.526774645,55.81500000000001,-119.83999999999979,1.0,7,20190601H200277,-1,20190601H200000,3
24,3472,2019-06-01 21:37:37.516985893,55.88250000000002,-120.07999999999984,1.0,8,20190601H210102,-1,20190601H210000,3
25,4037,2019-06-01 23:18:33.582394361,56.15250000000002,-121.12,1.0,7,20190601H230412,-1,20190601H230001,3
26,4348,2019-06-02 00:36:03.769207239,56.11875000000001,-120.72999999999996,0.0,6,20190602H000502,6,20190602H000000,3
27,4406,2019-06-02 01:06:29.583457708,56.04000000000002,-120.87999999999997,1.0,7,20190602H010018,-1,20190602H010000,3
28,4956,2019-06-02 03:12:47.079317331,55.95000000000002,-120.35999999999987,1.0,7,20190602H030004,-1,20190602H030000,3
29,4978,2019-06-02 03:38:00.943111420,55.99500000000002,-120.15999999999985,1.0,7,20190602H030045,-1,20190602H030000,3
30,5865,2019-06-02 12:20:09.532332897,56.08500000000002,-120.83999999999996,0.0,7,20190602H120000,6,20190602H120000,3
31,5938,2019-06-02 13:54:21.698223352,56.22000000000003,-120.75999999999992,1.0,7,20190602H130004,-1,20190602H130001,3
32,5952,2019-06-02 13:41:56.437335491,55.79250000000001,-120.67999999999992,1.0,7,20190602H130027,-1,20190602H130001,3
33,6092,2019-06-02 14:40:04.947453976,56.01750000000002,-120.67999999999992,1.0,7,20190602H140095,-1,20190602H140001,3
34,6101,2019-06-02 14:59:30.436038256,55.87687500000001,-120.29999999999987,0.0,6,20190602H140108,6,20190602H140001,3
35,6739,2019-06-02 18:10:35.312344551,55.758750000000006,-120.58999999999992,0.625,6,20190602H180008,6,20190602H180000,3
36,6835,2019-06-02 18:08:11.060096025,56.1046875,-120.06499999999984,0.3125,6,20190602H180199,6,20190602H180000,3
37,6841,2019-06-02 18:08:07.382593632,56.06531250000001,-119.84499999999979,4.4375,6,20190602H180214,6,20190602H180000,3
38,7585,2019-06-03 01:02:44.706561804,56.04000000000002,-120.15999999999985,1.0,7,20190603H000000,-1,20190603H000000,3
39,7587,2019-06-03 01:02:41.633466244,56.01750000000002,-119.99999999999982,1.0,7,20190603H000002,-1,20190603H000000,3
40,7680,2019-06-03 01:27:39.183034182,56.02312500000001,-120.62499999999994,1.9375,12,20190603H010000,12,20190603H010000,3
41,7908,2019-06-03 04:57:27.945563078,55.6125,-120.43999999999987,1.0,7,20190603H040000,-1,20190603H040000,3
42,8502,2019-06-03 07:36:43.280498266,55.99218750000002,-120.70999999999992,0.0,9,20190603H070001,8,20190603H070001,3
43,9235,2019-06-03 14:43:43.596585751,56.13000000000002,-120.03999999999981,1.0,7,20190603H140077,-1,20190603H140000,3
44,9384,2019-06-03 15:21:55.537914515,55.90500000000001,-120.4399999999999,0.0,7,20190603H150016,6,20190603H150002,3
45,9487,2019-06-03 15:51:40.992640495,55.5675,-121.07999999999998,1.0,7,20190603H150176,-1,20190603H150002,3
46,9516,2019-06-03 15:51:41.588080645,55.5675,-120.99999999999996,1.0,7,20190603H150251,-1,20190603H150002,3
47,9530,2019-06-03 15:59:04.724348783,55.81500000000001,-120.79999999999994,1.0,7,20190603H150279,-1,20190603H150002,3
48,9699,2019-06-03 17:02:34.963369131,55.88250000000002,-120.67999999999992,1.0,7,20190603H160006,-1,20190603H160000,3
49,9719,2019-06-03 16:53:26.020953655,56.28750000000003,-119.79999999999978,1.0,7,20190603H160030,-1,20190603H160000,3
50,9952,2019-06-03 16:37:12.129347086,56.26781250000002,-119.74499999999979,0.0,6,20190603H160578,6,20190603H160000,3
51,10032,2019-06-03 17:52:53.612343073,56.28750000000003,-120.67999999999992,1.0,7,20190603H170000,-1,20190603H170000,3
52,10078,2019-06-03 17:17:21.987442493,56.29875000000002,-120.87999999999997,4.4375,6,20190603H170052,6,20190603H170000,3
53,10094,2019-06-03 17:17:33.079471350,55.82625000000001,-120.4399999999999,3.5,6,20190603H170081,6,20190603H170000,3
54,10114,2019-06-03 18:02:01.237160206,55.471875,-120.5449999999999,3.8125,6,20190603H170112,6,20190603H170000,3
55,10308,2019-06-03 19:00:34.805949450,55.86000000000002,-120.59999999999992,1.0,7,20190603H180004,-1,20190603H180000,3
56,10327,2019-06-03 18:49:37.126665831,55.5675,-119.79999999999978,1.0,7,20190603H180026,-1,20190603H180000,3
57,10336,2019-06-03 18:53:29.012414455,55.7446875,-120.85999999999996,0.0,6,20190603H180039,6,20190603H180000,3
58,10689,2019-06-03 19:18:05.824280262,56.28750000000003,-121.12,1.0,7,20190603H190044,-1,20190603H190000,3
59,10740,2019-06-03 19:52:57.024087191,55.63500000000001,-119.79999999999978,1.0,7,20190603H190113,-1,20190603H190000,3
60,10770,2019-06-03 19:18:03.860160589,56.28750000000003,-120.15999999999985,1.0,7,20190603H190162,-1,20190603H190000,3
61,11077,2019-06-03 20:45:19.285233498,56.13000000000002,-121.16,1.0,8,20190603H200080,-1,20190603H200000,3
62,11343,2019-06-03 21:20:23.091627598,55.5,-120.51999999999991,1.0,8,20190603H210019,-1,20190603H210002,3
63,11391,2019-06-03 21:32:31.338155746,56.08781250000001,-121.06499999999998,4.4375,6,20190603H210086,6,20190603H210002,3
64,11705,2019-06-03 22:15:15.087726831,55.5,-120.23999999999985,1.0,7,20190603H220035,-1,20190603H220000,3
65,11711,2019-06-03 22:26:53.915057898,55.79250000000001,-120.95999999999997,1.0,7,20190603H220044,-1,20190603H220000,3
66,11718,2019-06-03 22:15:17.618931055,55.59,-120.23999999999985,1.0,7,20190603H220052,-1,20190603H220000,3
67,11741,2019-06-03 22:29:13.214376211,55.90500000000002,-120.35999999999987,1.0,7,20190603H220078,-1,20190603H220000,3
68,11848,2019-06-03 23:04:10.320549965,55.86000000000002,-120.47999999999986,1.0,7,20190603H220229,-1,20190603H220000,3
69,11865,2019-06-03 22:21:26.010204792,55.64625,-120.77999999999996,0.0,6,20190603H220253,6,20190603H220000,3
70,11909,2019-06-03 22:33:23.790508032,56.13000000000002,-119.9599999999998,1.0,7,20190603H220318,-1,20190603H220000,3
71,11965,2019-06-03 23:04:16.272307158,56.107500000000016,-120.67999999999992,1.0,7,20190603H220414,-1,20190603H220000,3
72,12011,2019-06-03 23:04:16.268528938,56.107500000000016,-120.67999999999992,1.0,7,20190603H220513,-1,20190603H220000,3
73,12153,2019-06-03 23:13:34.597612858,55.86000000000002,-120.31999999999987,1.0,8,20190603H230032,-1,20190603H230000,3
74,12157,2019-06-03 23:13:34.568631649,55.86000000000002,-120.31999999999987,1.0,7,20190603H230036,-1,20190603H230000,3
75,12160,2019-06-03 23:13:26.125732660,56.28750000000003,-119.83999999999979,1.0,8,20190603H230039,-1,20190603H230000,3
76,12168,2019-06-03 23:17:21.626924515,56.31562500000002,-121.105,0.0,6,20190603H230048,6,20190603H230000,3
77,12194,2019-06-03 23:25:32.887466908,56.02593750000001,-121.12000000000002,1.3125,6,20190603H230075,6,20190603H230000,3
78,12227,2019-06-03 23:12:29.218817472,55.99500000000002,-120.83999999999996,1.0,7,20190603H230113,-1,20190603H230000,3
79,12266,2019-06-04 00:00:52.146434307,55.88250000000002,-119.99999999999982,1.0,7,20190603H230161,-1,20190603H230000,3
80,12294,2019-06-04 00:00:54.539391756,55.90500000000002,-120.19999999999985,1.0,7,20190603H230196,-1,20190603H230000,3
81,12370,2019-06-03 23:21:06.214287519,55.88250000000001,-120.23999999999987,3.5,6,20190603H230311,6,20190603H230000,3
82,12545,2019-06-03 23:20:20.785864592,56.107500000000016,-120.5599999999999,1.0,7,20190603H230598,-1,20190603H230000,3
83,12680,2019-06-04 00:07:51.936790943,55.5,-121.2,1.0,7,20190604H000006,-1,20190604H000000,3
84,12712,2019-06-04 00:53:17.876394272,55.88250000000001,-120.39999999999986,0.0,8,20190604H000050,7,20190604H000000,3
85,12846,2019-06-04 00:53:44.867014885,56.26500000000003,-120.83999999999996,1.0,7,20190604H000242,-1,20190604H000000,3
86,12897,2019-06-04 00:52:32.955137730,55.72500000000001,-120.79999999999994,1.0,8,20190604H000330,-1,20190604H000000,3
87,13515,2019-06-04 04:49:51.038795948,55.91625000000001,-120.73999999999994,2.25,6,20190604H040000,6,20190604H040000,3
88,13516,2019-06-04 04:49:47.965702295,56.107500000000016,-120.99999999999996,1.0,9,20190604H040001,-1,20190604H040000,3
89,13637,2019-06-04 05:24:27.305773020,55.98375000000001,-120.3899999999999,0.0,6,20190604H050041,6,20190604H050000,3
90,13645,2019-06-04 06:03:43.285173655,55.95000000000001,-120.79999999999994,0.375,6,20190604H050050,6,20190604H050000,3
91,13653,2019-06-04 05:19:47.225205660,56.19750000000002,-120.91999999999996,1.0,7,20190604H050060,-1,20190604H050000,3
92,13807,2019-06-04 05:44:59.479588032,56.15812500000001,-120.58999999999992,4.4375,6,20190604H050328,6,20190604H050000,3
93,14386,2019-06-04 13:39:50.716768265,55.5759375,-119.90999999999985,0.9375,6,20190604H130043,6,20190604H130000,3
94,14491,2019-06-04 14:23:33.244175673,55.9809375,-120.62499999999993,0.0,6,20190604H140004,6,20190604H140001,3
95,14519,2019-06-04 14:07:48.589890242,55.57312499999999,-120.70999999999994,3.1875,6,20190604H140040,6,20190604H140001,3
96,14520,2019-06-04 14:07:48.536716938,55.57875,-120.73999999999997,4.4375,6,20190604H140041,6,20190604H140001,3
97,14699,2019-06-04 14:50:08.088445902,55.72500000000001,-120.75999999999992,1.0,7,20190604H140606,-1,20190604H140001,3
98,14732,2019-06-04 15:41:49.590913534,55.83750000000001,-120.83999999999996,0.625,7,20190604H150021,6,20190604H150000,3
99,14741,2019-06-04 15:18:51.560651064,55.94718750000001,-121.21,3.8125,7,20190604H150034,6,20190604H150000,3
100,14744,2019-06-04 15:34:47.454799891,55.86000000000002,-120.5599999999999,1.0,7,20190604H150037,-1,20190604H150000,3
101,14750,2019-06-04 15:41:50.690481901,55.88250000000002,-120.83999999999996,1.0,7,20190604H150044,-1,20190604H150000,3
102,14782,2019-06-04 15:34:16.199312925,55.63500000000001,-120.83999999999996,1.0,7,20190604H150095,-1,20190604H150000,3
103,14909,2019-06-04 15:39:53.023317337,55.91625000000001,-120.78499999999997,1.3125,6,20190604H150360,6,20190604H150000,3
104,15004,2019-06-04 15:34:29.983562708,55.87125000000001,-120.14999999999985,2.875,6,20190604H150635,6,20190604H150000,3
105,15147,2019-06-04 16:42:08.134245634,55.927500000000016,-120.15999999999985,1.0,7,20190604H160155,-1,20190604H160000,3
106,15414,2019-06-04 18:02:27.836040735,56.17500000000002,-120.57999999999993,0.0,6,20190604H170078,6,20190604H170000,3
107,15584,2019-06-04 17:23:56.990523577,56.31562500000002,-120.42999999999986,4.4375,6,20190604H170442,6,20190604H170000,3
108,15640,2019-06-04 17:07:42.895963669,56.28750000000003,-119.79999999999978,1.0,7,20190604H170685,-1,20190604H170000,3
109,15659,2019-06-04 19:01:09.758913755,56.04000000000002,-120.71999999999993,1.0,10,20190604H180001,-1,20190604H180000,3
110,15660,2019-06-04 19:01:10.130812882,56.04000000000002,-120.67999999999992,1.0,11,20190604H180002,-1,20190604H180000,3
111,15962,2019-06-04 19:34:31.538450480,56.19750000000002,-120.43999999999987,1.0,8,20190604H190006,-1,20190604H190000,3
112,16781,2019-06-04 22:40:03.020522594,55.95000000000002,-120.79999999999994,1.0,7,20190604H220019,-1,20190604H220000,3
113,16821,2019-06-04 22:41:47.321255922,55.6125,-119.79999999999978,1.0,7,20190604H220078,-1,20190604H220000,3
114,17250,2019-06-05 01:02:21.029598713,55.5675,-119.83999999999979,1.0,8,20190605H000002,-1,20190605H000001,3
115,17567,2019-06-05 01:20:12.007216692,56.01750000000002,-120.75999999999992,1.0,7,20190605H010278,-1,20190605H010001,3
116,17790,2019-06-05 03:43:35.970250130,55.764375,-121.115,3.1875,6,20190605H030041,6,20190605H030000,3
117,18940,2019-06-05 14:39:52.390246630,56.107500000000016,-120.39999999999986,1.0,7,20190605H140000,-1,20190605H140000,3
118,18947,2019-06-05 14:39:59.641052961,56.22000000000003,-120.43999999999987,1.0,7,20190605H140011,-1,20190605H140000,3
119,18953,2019-06-05 14:39:55.675821066,56.24250000000003,-119.79999999999978,1.0,7,20190605H140024,-1,20190605H140000,3
120,19112,2019-06-05 15:51:42.949192524,56.19750000000002,-120.51999999999991,1.0,7,20190605H150029,-1,20190605H150000,3
121,19779,2019-06-05 17:51:18.109070778,55.97250000000002,-120.63999999999993,1.0,7,20190605H170000,-1,20190605H170000,3
122,19784,2019-06-05 17:51:08.700000286,55.927500000000016,-119.91999999999979,1.0,7,20190605H170007,-1,20190605H170000,3
123,19798,2019-06-05 17:29:07.092037678,56.19750000000002,-119.83999999999979,1.0,7,20190605H170028,-1,20190605H170000,3
124,19817,2019-06-05 17:31:53.418890238,55.83750000000001,-119.83999999999979,1.0,7,20190605H170050,-1,20190605H170000,3
125,19897,2019-06-05 17:37:58.156951904,55.65750000000001,-120.07999999999984,1.0,8,20190605H170162,-1,20190605H170000,3
126,20011,2019-06-05 17:42:35.560942888,55.72500000000001,-119.91999999999979,1.0,7,20190605H170360,-1,20190605H170000,3
127,20030,2019-06-05 17:42:35.130263567,55.70250000000001,-119.91999999999979,1.0,7,20190605H170396,-1,20190605H170000,3
128,20154,2019-06-05 17:34:42.589871883,55.95000000000002,-120.15999999999985,1.0,7,20190605H170639,-1,20190605H170000,3
129,20216,2019-06-05 19:03:37.528412342,55.96125000000002,-120.01999999999985,1.625,7,20190605H180010,6,20190605H180000,3
130,20230,2019-06-05 18:36:51.284774303,55.81500000000001,-120.55999999999992,2.25,6,20190605H180026,6,20190605H180000,3
131,20327,2019-06-05 18:53:51.255618572,56.06812500000001,-119.7549999999998,3.1875,6,20190605H180162,6,20190605H180000,3
132,20824,2019-06-05 19:29:03.128981113,55.83750000000001,-120.03999999999981,1.0,7,20190605H190306,-1,20190605H190000,3
133,20841,2019-06-05 19:29:04.838048220,55.74750000000001,-120.67999999999992,1.0,7,20190605H190344,-1,20190605H190000,3
134,20854,2019-06-05 19:29:07.467676401,55.927500000000016,-120.11999999999985,1.0,7,20190605H190370,-1,20190605H190000,3
135,20992,2019-06-05 20:14:15.379973412,55.83750000000001,-120.67999999999992,1.0,7,20190605H200043,-1,20190605H200000,3
136,21027,2019-06-05 20:24:42.375010014,55.5,-120.79999999999994,1.0,8,20190605H200088,-1,20190605H200000,3
137,21096,2019-06-05 20:25:31.981895447,56.12156250000002,-120.09499999999987,2.5625,7,20190605H200187,7,20190605H200000,3
138,21133,2019-06-05 20:52:16.680787086,55.77000000000001,-120.99999999999996,1.0,7,20190605H200262,-1,20190605H200000,3
139,21172,2019-06-05 20:07:53.806931019,55.74750000000001,-120.75999999999992,1.0,7,20190605H200321,-1,20190605H200000,3
140,21212,2019-06-05 20:58:38.779921770,55.84875,-120.5149999999999,2.25,6,20190605H200404,6,20190605H200000,3
141,21396,2019-06-05 21:08:38.528649092,55.90500000000002,-120.59999999999992,1.0,7,20190605H210003,-1,20190605H210000,3
142,21403,2019-06-05 21:08:24.332920313,55.5,-120.23999999999985,1.0,7,20190605H210010,-1,20190605H210000,3
143,21418,2019-06-05 21:07:19.162189007,56.24250000000003,-119.8799999999998,1.0,7,20190605H210031,-1,20190605H210000,3
144,21437,2019-06-05 21:06:29.640495539,56.09062500000002,-120.4549999999999,0.0,8,20190605H210054,7,20190605H210000,3
145,21774,2019-06-05 21:36:27.821075201,56.13000000000002,-120.33499999999987,2.5625,6,20190605H210749,6,20190605H210000,3
146,21803,2019-06-05 22:55:06.315043688,56.01187500000002,-120.71999999999994,2.5625,6,20190605H220006,6,20190605H220002,3
147,21807,2019-06-05 22:55:01.354727983,56.13000000000002,-120.95999999999997,1.0,7,20190605H220010,-1,20190605H220002,3
148,21847,2019-06-05 23:01:58.507918596,56.13000000000002,-120.27999999999987,1.0,8,20190605H220065,-1,20190605H220002,3
149,21873,2019-06-05 23:02:05.243470192,55.86000000000002,-120.47999999999986,1.0,8,20190605H220096,-1,20190605H220002,3
150,21882,2019-06-05 23:01:58.491614819,56.15250000000002,-120.43999999999987,1.0,7,20190605H220113,-1,20190605H220002,3
151,21924,2019-06-05 23:01:08.300059080,55.81500000000001,-121.03999999999998,1.0,7,20190605H220177,-1,20190605H220002,3
152,22199,2019-06-05 23:06:08.449391127,56.04843750000002,-120.12999999999985,4.4375,7,20190605H230015,6,20190605H230000,3
153,22206,2019-06-05 23:59:38.663684368,56.01187500000002,-120.44499999999991,0.0,6,20190605H230023,6,20190605H230000,3
154,22228,2019-06-05 23:12:57.653100729,55.81500000000001,-120.59999999999992,1.0,7,20190605H230048,-1,20190605H230000,3
155,22245,2019-06-05 23:05:38.863800049,55.90500000000002,-120.19999999999985,1.0,7,20190605H230068,-1,20190605H230000,3
156,22285,2019-06-05 23:44:17.906335354,55.86000000000002,-120.5599999999999,1.0,7,20190605H230120,-1,20190605H230000,3
157,22286,2019-06-05 23:15:29.239838600,55.5675,-120.99999999999996,1.0,7,20190605H230121,-1,20190605H230000,3
158,22304,2019-06-05 23:25:59.361152172,55.65750000000001,-120.71999999999993,1.0,7,20190605H230152,-1,20190605H230000,3
159,22318,2019-06-05 23:47:49.631813288,55.97250000000002,-120.91999999999996,1.0,7,20190605H230173,-1,20190605H230000,3
160,22325,2019-06-05 23:10:19.072561741,55.77000000000001,-120.75999999999992,1.0,9,20190605H230183,-1,20190605H230000,3
161,22344,2019-06-05 23:47:42.030102968,56.19750000000002,-120.67999999999992,1.0,7,20190605H230207,-1,20190605H230000,3
162,22399,2019-06-05 23:47:43.722481728,56.28750000000003,-120.71999999999993,1.0,7,20190605H230275,-1,20190605H230000,3
163,22427,2019-06-05 23:44:09.134706736,55.9021875,-121.255,0.9375,6,20190605H230312,6,20190605H230000,3
164,22428,2019-06-05 23:44:07.237634897,55.5,-120.35999999999987,1.0,7,20190605H230313,-1,20190605H230000,3
165,22529,2019-06-05 23:10:09.489267111,56.01750000000002,-120.31999999999987,1.0,7,20190605H230476,-1,20190605H230000,3
166,22696,2019-06-06 00:32:15.600556612,55.81500000000001,-120.67999999999992,1.0,7,20190606H000053,-1,20190606H000002,3
167,23258,2019-06-06 03:49:07.448528528,55.5225,-120.63999999999993,1.0,9,20190606H030024,-1,20190606H030001,3
168,23340,2019-06-06 03:48:36.739143372,55.99500000000002,-120.95999999999997,1.0,7,20190606H030197,-1,20190606H030001,3
169,25172,2019-06-06 18:03:34.855069876,55.99500000000002,-120.63999999999993,1.0,10,20190606H170000,-1,20190606H170000,3
170,25627,2019-06-06 21:26:44.877523661,55.5225,-120.03999999999981,1.0,10,20190606H210000,-1,20190606H210000,3
171,25628,2019-06-06 21:26:42.983401537,55.48875,-119.95499999999984,3.1875,9,20190606H210001,9,20190606H210000,3
172,25629,2019-06-06 21:26:43.599557638,55.5,-119.99999999999982,1.0,10,20190606H210002,-1,20190606H210000,3
173,25900,2019-06-06 23:30:34.417876720,56.04000000000002,-121.16,1.0,9,20190606H230000,-1,20190606H230000,3
174,25902,2019-06-06 23:30:37.150809288,56.08500000000002,-120.95999999999997,1.0,8,20190606H230002,-1,20190606H230000,3
175,25906,2019-06-06 23:30:42.702832699,56.02593750000001,-120.64499999999994,4.125,7,20190606H230008,7,20190606H230000,3
176,25913,2019-06-06 23:37:05.816702604,56.01187500000001,-120.86499999999997,4.4375,6,20190606H230015,6,20190606H230000,3
177,25918,2019-06-07 00:02:30.405832052,56.06250000000002,-120.79999999999994,1.0,7,20190606H230022,-1,20190606H230000,3
178,26101,2019-06-07 00:40:30.854866505,56.04000000000002,-120.67999999999992,1.0,19,20190607H000000,-1,20190607H000000,1
179,26102,2019-06-07 00:40:21.765662670,56.26500000000003,-119.83999999999979,1.0,9,20190607H000001,-1,20190607H000000,1
180,26396,2019-06-07 02:50:22.600772619,55.81500000000001,-120.39999999999986,1.0,11,20190607H020000,-1,20190607H020000,1
181,26397,2019-06-07 02:50:11.068777084,55.5,-120.03999999999981,1.0,10,20190607H020001,-1,20190607H020000,1
182,26398,2019-06-07 02:50:10.640906811,55.5,-119.99999999999982,1.0,9,20190607H020003,-1,20190607H020000,1
183,26472,2019-06-07 02:49:57.322029114,55.79250000000001,-120.19999999999985,1.0,12,20190607H020202,-1,20190607H020000,1
184,26534,2019-06-07 02:49:55.224745274,56.01750000000002,-120.07999999999984,1.0,8,20190607H020626,-1,20190607H020000,1
185,26790,2019-06-07 04:30:42.768441677,56.04000000000002,-119.79999999999978,1.0,7,20190607H040166,-1,20190607H040001,1
186,27275,2019-06-07 07:20:33.816971064,55.99500000000002,-120.71999999999993,1.0,13,20190607H070000,-1,20190607H070000,1
187,27307,2019-06-07 07:58:03.118662834,55.927500000000016,-120.35999999999987,1.0,8,20190607H070037,-1,20190607H070000,1
188,27313,2019-06-07 07:57:56.453170061,55.80937500000001,-121.02499999999998,2.5625,7,20190607H070044,-1,20190607H070000,1
189,27317,2019-06-07 07:58:01.703247070,55.97250000000002,-120.39999999999986,1.0,7,20190607H070048,-1,20190607H070000,1
190,27330,2019-06-07 07:58:01.695943832,55.97250000000002,-120.39999999999986,1.0,7,20190607H070064,-1,20190607H070000,1
191,27615,2019-06-07 08:50:15.852905989,55.88250000000002,-120.35999999999987,1.0,9,20190607H080000,-1,20190607H080000,1
192,27616,2019-06-07 08:08:11.016362429,56.107500000000016,-120.71999999999994,0.0,9,20190607H080001,9,20190607H080000,1
193,27617,2019-06-07 08:08:10.002439499,56.15250000000002,-120.73499999999994,0.0,7,20190607H080002,7,20190607H080000,1
194,27618,2019-06-07 08:49:50.685704231,55.83750000000001,-120.47999999999986,1.0,14,20190607H080003,-1,20190607H080000,1
195,27619,2019-06-07 08:49:48.787349939,55.74750000000001,-120.19999999999985,1.0,15,20190607H080004,-1,20190607H080000,1
196,27621,2019-06-07 08:08:09.742310762,56.16093750000002,-120.73499999999994,0.0,9,20190607H080008,8,20190607H080000,1
197,27622,2019-06-07 08:50:02.408345222,55.48875,-120.01999999999985,4.4375,9,20190607H080009,8,20190607H080000,1
198,28028,2019-06-07 10:21:06.732058525,55.5225,-120.47999999999986,1.0,7,20190607H100054,-1,20190607H100000,1
199,28052,2019-06-07 10:21:04.605147600,55.97250000000002,-121.07999999999998,1.0,7,20190607H100082,-1,20190607H100000,1
200,28216,2019-06-07 10:37:43.570589066,55.9415625,-120.46499999999992,3.1875,6,20190607H100406,6,20190607H100000,1
201,28300,2019-06-07 11:37:25.609791756,55.88250000000002,-120.5399999999999,2.875,6,20190607H110047,6,20190607H110005,1
202,28464,2019-06-07 12:52:52.544091225,55.97250000000002,-120.39999999999986,1.0,7,20190607H120011,-1,20190607H120000,1
203,28483,2019-06-07 12:58:13.420246840,55.91625000000001,-120.24999999999987,0.0,6,20190607H120032,6,20190607H120000,1
204,28507,2019-06-07 12:59:50.017767906,56.04000000000002,-120.11999999999985,1.0,7,20190607H120065,-1,20190607H120000,1
205,28790,2019-06-07 13:12:38.606677771,55.5,-120.07999999999984,1.0,7,20190607H130107,-1,20190607H130000,1
206,28794,2019-06-07 13:32:10.067929029,55.7896875,-120.67999999999994,0.0,6,20190607H130113,6,20190607H130000,1
207,28870,2019-06-07 13:25:33.376471758,55.86843750000001,-120.56999999999992,3.8125,6,20190607H130215,6,20190607H130000,1
208,28873,2019-06-07 13:37:57.379439592,56.26218750000002,-121.175,2.5625,6,20190607H130221,6,20190607H130000,1
209,28877,2019-06-07 12:59:38.634656429,55.98937500000002,-120.5099999999999,0.0,6,20190607H130227,6,20190607H130000,1
210,28885,2019-06-07 13:01:58.398452044,55.63500000000001,-121.2,1.0,7,20190607H130237,-1,20190607H130000,1
211,28921,2019-06-07 14:03:41.321307898,55.58718749999999,-120.73499999999994,4.4375,6,20190607H130295,6,20190607H130000,1
212,29043,2019-06-07 14:34:58.002472878,55.77000000000001,-120.5599999999999,1.0,7,20190607H140003,-1,20190607H140000,1
213,29046,2019-06-07 14:31:57.655177593,55.64062500000001,-120.09499999999984,4.4375,6,20190607H140006,6,20190607H140000,1
214,29047,2019-06-07 14:34:17.176774025,55.86000000000002,-120.59999999999992,1.0,9,20190607H140007,-1,20190607H140000,1
215,29048,2019-06-07 14:34:12.337994576,56.04000000000002,-121.07999999999998,1.0,7,20190607H140008,-1,20190607H140000,1
216,29056,2019-06-07 14:49:37.854730368,55.86000000000002,-120.43999999999987,1.0,7,20190607H140018,-1,20190607H140000,1
217,29089,2019-06-07 14:49:36.232758284,55.79250000000001,-120.35999999999987,1.0,7,20190607H140055,-1,20190607H140000,1
218,29095,2019-06-07 14:49:34.862448454,55.70250000000001,-120.47999999999986,1.0,8,20190607H140063,-1,20190607H140000,1
219,29122,2019-06-07 15:01:39.833302498,55.5675,-120.39999999999986,1.0,7,20190607H140093,-1,20190607H140000,1
220,29127,2019-06-07 14:49:25.596348763,56.15250000000002,-120.03999999999981,1.0,8,20190607H140102,-1,20190607H140000,1
221,29147,2019-06-07 14:35:19.950641394,55.83750000000001,-120.07999999999984,1.0,7,20190607H140123,-1,20190607H140000,1
222,29180,2019-06-07 14:59:23.786785126,55.83750000000001,-120.47999999999986,1.0,7,20190607H140164,-1,20190607H140000,1
223,29201,2019-06-07 15:04:04.633196592,55.68,-120.62499999999993,4.4375,6,20190607H140187,6,20190607H140000,1
224,29248,2019-06-07 14:47:28.975229025,56.01468750000002,-120.53999999999992,4.4375,6,20190607H140237,6,20190607H140000,1
225,29538,2019-06-07 15:05:01.598455667,55.95000000000002,-120.19999999999985,1.0,7,20190607H150015,-1,20190607H150000,1
226,29548,2019-06-07 15:14:38.994821072,55.81500000000001,-121.03999999999998,1.0,7,20190607H150026,-1,20190607H150000,1
227,29595,2019-06-07 15:21:04.543596029,55.88250000000002,-120.5599999999999,1.0,7,20190607H150075,-1,20190607H150000,1
228,29804,2019-06-07 14:55:03.316097021,56.13000000000002,-119.99999999999982,1.0,9,20190607H150346,-1,20190607H150000,1
229,29826,2019-06-07 14:55:04.245877743,56.06250000000002,-120.03999999999981,1.0,7,20190607H150375,-1,20190607H150000,1
230,30020,2019-06-07 16:06:10.339344501,56.15250000000002,-121.12,1.0,7,20190607H160041,-1,20190607H160000,1
231,30031,2019-06-07 16:06:13.826098919,56.06250000000002,-120.95999999999997,1.0,8,20190607H160053,-1,20190607H160000,1
232,30033,2019-06-07 16:06:18.332820177,55.98375000000001,-120.70499999999994,3.1875,7,20190607H160055,7,20190607H160000,1
233,30139,2019-06-07 16:14:43.651355982,55.97250000000002,-120.99999999999996,1.0,8,20190607H160206,-1,20190607H160000,1
234,30241,2019-06-07 16:31:11.158694983,56.03437500000001,-120.36499999999987,0.625,6,20190607H160498,6,20190607H160000,1
235,30575,2019-06-07 18:20:36.042767286,55.70250000000001,-119.9599999999998,1.0,7,20190607H180000,-1,20190607H180000,1
236,30576,2019-06-07 18:21:01.239948034,55.77000000000001,-120.23999999999985,1.0,11,20190607H180001,-1,20190607H180000,1
237,30577,2019-06-07 18:21:02.293190956,55.74750000000001,-120.35999999999987,1.0,10,20190607H180002,-1,20190607H180000,1
238,30581,2019-06-07 18:50:13.831011057,55.90500000000002,-120.71999999999993,1.0,7,20190607H180006,-1,20190607H180000,1
239,30583,2019-06-07 18:20:50.709404230,55.4775,-119.9149999999998,2.5625,8,20190607H180008,8,20190607H180000,1
240,30629,2019-06-07 18:47:46.051228046,56.28750000000003,-120.5599999999999,1.0,8,20190607H180060,-1,20190607H180000,1
241,30654,2019-06-07 19:00:36.107404709,55.95000000000001,-119.93999999999984,0.0,6,20190607H180088,6,20190607H180000,1
242,30667,2019-06-07 18:39:46.633986712,55.89375000000001,-120.13999999999987,0.0,6,20190607H180107,6,20190607H180000,1
243,30712,2019-06-07 18:25:22.859247446,55.809375,-120.76499999999996,0.9375,7,20190607H180172,6,20190607H180000,1
244,30743,2019-06-07 18:47:00.736683607,55.81500000000001,-119.83999999999979,1.0,7,20190607H180222,-1,20190607H180000,1
245,30747,2019-06-07 18:46:55.988720894,56.318437500000016,-119.87499999999979,0.0625,6,20190607H180228,6,20190607H180000,1
246,30803,2019-06-07 18:53:26.919343948,55.6153125,-120.27499999999986,0.0,6,20190607H180306,6,20190607H180000,1
247,30833,2019-06-07 18:35:57.961821795,55.786875,-120.4249999999999,0.0,6,20190607H180356,6,20190607H180000,1
248,31060,2019-06-07 19:52:40.553913832,56.28750000000003,-120.75999999999992,1.0,8,20190607H190006,-1,20190607H190001,1
249,31133,2019-06-07 19:30:37.513230800,55.74750000000001,-120.99999999999996,1.0,7,20190607H190104,-1,20190607H190001,1
250,31236,2019-06-07 19:42:18.251985788,56.07375000000002,-120.73999999999994,0.0,6,20190607H190291,6,20190607H190001,1
251,31473,2019-06-07 20:47:31.053219795,55.99500000000002,-120.71999999999993,1.0,14,20190607H200000,-1,20190607H200000,1
252,31483,2019-06-07 20:44:26.477812290,55.5,-120.43999999999987,1.0,8,20190607H200010,-1,20190607H200000,1
253,31501,2019-06-07 20:54:08.671158075,55.91625000000001,-120.66999999999994,4.4375,6,20190607H200031,6,20190607H200000,1
254,31538,2019-06-07 20:40:10.129662514,56.28750000000003,-119.8799999999998,1.0,7,20190607H200072,-1,20190607H200000,1
255,31679,2019-06-07 20:53:20.889026880,55.65750000000001,-121.03999999999998,1.0,7,20190607H200273,-1,20190607H200000,1
256,31702,2019-06-07 20:48:30.808423519,55.88250000000002,-120.27999999999987,1.0,8,20190607H200309,-1,20190607H200000,1
257,31920,2019-06-07 22:03:21.854969978,55.99500000000002,-120.71999999999993,1.0,9,20190607H210000,-1,20190607H210000,1
258,31925,2019-06-07 21:33:34.034284830,56.04000000000002,-119.79999999999978,1.0,7,20190607H210005,-1,20190607H210000,1
259,31982,2019-06-07 21:31:27.819183588,55.545,-120.91999999999996,1.0,7,20190607H210076,-1,20190607H210000,1
260,32015,2019-06-07 21:40:09.050105572,55.5,-120.27999999999987,1.0,7,20190607H210114,-1,20190607H210000,1
261,32173,2019-06-07 21:52:33.052159309,55.98375000000002,-120.4399999999999,4.125,6,20190607H210386,6,20190607H210000,1
262,32236,2019-06-07 21:32:13.107068777,55.79250000000001,-120.5599999999999,1.0,7,20190607H210497,-1,20190607H210000,1
263,32262,2019-06-07 21:58:08.566612959,55.84031250000001,-120.31999999999991,4.4375,6,20190607H210547,6,20190607H210000,1
264,32368,2019-06-07 22:16:57.179148197,56.01750000000002,-120.87999999999997,1.0,8,20190607H220002,-1,20190607H220000,1
265,32370,2019-06-07 22:16:57.279776812,56.01468750000001,-120.89499999999997,0.0,9,20190607H220004,9,20190607H220000,1
266,32445,2019-06-07 22:11:33.048849106,55.79250000000001,-120.51999999999991,1.0,7,20190607H220100,-1,20190607H220000,1
267,32520,2019-06-07 22:02:44.499537706,56.03156250000002,-120.67499999999994,3.5,6,20190607H220219,6,20190607H220000,1
268,32794,2019-06-07 23:47:57.854347944,55.98656250000001,-120.62999999999994,1.3125,6,20190607H230006,6,20190607H230000,1
269,32806,2019-06-07 23:47:11.011047125,56.01750000000001,-120.61499999999992,0.0,6,20190607H230018,6,20190607H230000,1
270,32813,2019-06-07 23:43:43.024995327,55.829062500000006,-120.60499999999992,0.0,6,20190607H230025,6,20190607H230000,1
271,32815,2019-06-07 23:43:41.181562662,55.90500000000002,-120.83999999999996,1.0,7,20190607H230027,-1,20190607H230000,1
272,32859,2019-06-07 23:52:19.314419985,55.83750000000001,-120.79999999999994,1.0,7,20190607H230084,-1,20190607H230000,1
273,33040,2019-06-07 23:55:55.946241140,55.79250000000001,-120.59999999999992,1.0,7,20190607H230459,-1,20190607H230000,1
274,33118,2019-06-08 01:02:47.301308632,55.5675,-120.39999999999986,1.0,7,20190608H000000,-1,20190608H000000,1
275,33121,2019-06-08 01:02:35.283016205,56.279062500000016,-120.59499999999993,0.0,7,20190608H000003,6,20190608H000000,1
276,33122,2019-06-08 01:02:35.232846022,56.28750000000003,-120.59999999999992,1.0,8,20190608H000004,-1,20190608H000000,1
277,33123,2019-06-08 01:02:34.403471470,56.22000000000003,-119.79999999999978,1.0,7,20190608H000005,-1,20190608H000000,1
278,33125,2019-06-08 00:57:23.269790411,55.68000000000001,-120.03999999999981,1.0,7,20190608H000007,-1,20190608H000000,1
279,33126,2019-06-08 00:29:53.036136389,56.08500000000002,-121.08,0.0,7,20190608H000008,6,20190608H000000,1
280,33130,2019-06-08 00:29:56.724997997,56.06531250000001,-120.85999999999996,4.125,7,20190608H000012,6,20190608H000000,1
281,33133,2019-06-08 00:29:53.012561321,56.08781250000001,-121.075,1.9375,6,20190608H000015,6,20190608H000000,1
282,33135,2019-06-08 01:02:59.071578026,55.87968750000001,-120.78499999999997,4.4375,6,20190608H000017,6,20190608H000000,1
283,33136,2019-06-08 00:57:28.049030542,55.86000000000002,-120.15999999999985,1.0,8,20190608H000018,-1,20190608H000000,1
284,33139,2019-06-08 00:40:13.787136078,55.99500000000002,-120.43999999999987,1.0,7,20190608H000022,-1,20190608H000000,1
285,33150,2019-06-08 00:30:52.711783171,56.28750000000003,-120.5599999999999,1.0,7,20190608H000034,-1,20190608H000000,1
286,33167,2019-06-08 00:49:57.911415100,55.53374999999999,-120.53499999999991,0.0,6,20190608H000051,6,20190608H000000,1
287,33175,2019-06-08 00:40:54.910470247,55.88812500000001,-120.4199999999999,3.5,6,20190608H000060,6,20190608H000000,1
288,33185,2019-06-08 00:49:54.169616938,56.06531250000001,-120.40999999999991,4.4375,6,20190608H000075,6,20190608H000000,1
289,33340,2019-06-08 00:38:52.239650726,55.528125,-120.13499999999985,4.4375,7,20190608H000325,7,20190608H000000,1
290,33429,2019-06-07 23:55:56.929497004,55.81500000000001,-120.67999999999992,1.0,8,20190608H000480,-1,20190608H000000,1
291,33603,2019-06-08 01:57:04.017765522,55.95000000000002,-120.47999999999986,1.0,7,20190608H010033,-1,20190608H010000,1
292,33622,2019-06-08 01:57:08.649141312,55.79250000000001,-120.71999999999993,1.0,10,20190608H010057,-1,20190608H010000,1
293,33707,2019-06-08 01:11:10.649986982,56.22000000000003,-120.19999999999985,1.0,7,20190608H010158,-1,20190608H010000,1
294,33733,2019-06-08 01:09:13.805044413,55.81500000000001,-120.15999999999985,1.0,7,20190608H010192,-1,20190608H010000,1
295,34072,2019-06-08 02:53:41.593913555,56.26500000000003,-120.47999999999986,1.0,7,20190608H020037,-1,20190608H020000,1
296,34076,2019-06-08 01:57:04.623134136,55.65750000000001,-121.12,1.0,10,20190608H020042,-1,20190608H020000,1
297,34135,2019-06-08 02:59:09.321332932,56.10468750000002,-120.92999999999998,0.0,6,20190608H020123,6,20190608H020000,1
298,34277,2019-06-08 01:58:17.485067368,55.81500000000001,-120.75999999999992,1.0,7,20190608H020368,-1,20190608H020000,1
299,34455,2019-06-08 03:07:58.239265203,55.87687500000001,-119.79999999999978,0.0,7,20190608H030091,6,20190608H030000,1
300,34479,2019-06-08 03:22:23.038198948,55.89093750000001,-119.82499999999979,0.3125,6,20190608H030117,6,20190608H030000,1
301,34495,2019-06-08 03:34:16.759720325,56.08500000000002,-120.15999999999985,1.0,7,20190608H030138,-1,20190608H030000,1
302,34560,2019-06-08 03:55:04.653041124,55.81500000000001,-120.75999999999992,1.0,8,20190608H030208,-1,20190608H030000,1
303,34564,2019-06-08 03:16:50.538542747,55.95281250000001,-120.63499999999992,0.0,6,20190608H030212,6,20190608H030000,1
304,34583,2019-06-08 03:13:49.233452082,55.82062500000001,-120.71999999999994,0.0,6,20190608H030234,6,20190608H030000,1
305,34639,2019-06-08 03:03:27.914057016,55.65750000000001,-120.47999999999986,1.0,7,20190608H030298,-1,20190608H030000,1
306,34674,2019-06-08 03:21:44.827331305,55.966875000000016,-120.45499999999987,4.4375,6,20190608H030336,6,20190608H030000,1
307,34750,2019-06-08 03:55:06.239949226,55.88250000000002,-120.67999999999992,1.0,7,20190608H030426,-1,20190608H030000,1
308,34793,2019-06-08 03:04:41.185494900,55.5675,-121.07999999999998,1.0,7,20190608H030488,-1,20190608H030000,1
309,34832,2019-06-08 03:34:34.285869598,55.74750000000001,-120.75999999999992,1.0,7,20190608H030545,-1,20190608H030000,1
310,34849,2019-06-08 03:04:45.930789471,55.86000000000002,-119.91999999999979,1.0,7,20190608H030566,-1,20190608H030000,1
311,34964,2019-06-08 03:08:40.539444685,55.83750000000001,-120.35999999999987,1.0,7,20190608H030750,-1,20190608H030000,1
312,35093,2019-06-08 03:55:04.722584724,55.81500000000001,-120.75999999999992,1.0,9,20190608H040122,-1,20190608H040000,1
313,35214,2019-06-08 04:27:02.830462933,55.90500000000002,-120.35999999999987,1.0,8,20190608H040313,-1,20190608H040000,1
314,35649,2019-06-08 07:06:04.811441422,56.04281250000001,-120.61499999999992,4.4375,7,20190608H070004,7,20190608H070000,1
315,35650,2019-06-08 07:05:53.652776480,56.24250000000003,-121.16,1.0,9,20190608H070009,-1,20190608H070000,1
316,36010,2019-06-08 11:20:22.728192568,56.0034375,-120.69999999999996,3.5,23,20190608H110000,20,20190608H110000,1
317,36168,2019-06-08 13:08:54.953768015,56.19750000000002,-121.04,0.0,7,20190608H130000,-1,20190608H130000,1
318,36170,2019-06-08 13:08:54.730450153,55.5,-120.87999999999997,1.0,7,20190608H130002,-1,20190608H130000,1
319,36171,2019-06-08 13:09:07.988504648,55.98093750000002,-120.41499999999986,4.4375,6,20190608H130003,6,20190608H130000,1
320,36216,2019-06-08 13:23:48.211300611,55.81500000000001,-120.63999999999993,1.0,8,20190608H130065,-1,20190608H130000,1
321,36280,2019-06-08 13:40:20.203861475,56.28750000000003,-120.27999999999987,1.0,7,20190608H130166,-1,20190608H130000,1
322,36509,2019-06-08 14:28:52.717009306,56.08500000000002,-120.83999999999996,0.0,19,20190608H140000,18,20190608H140000,1
323,36510,2019-06-08 14:28:44.794088364,55.5225,-119.79999999999978,1.0,9,20190608H140001,-1,20190608H140000,1
324,36511,2019-06-08 14:26:21.690470695,56.00343750000001,-120.81499999999996,0.0,8,20190608H140002,7,20190608H140000,1
325,36512,2019-06-08 14:26:21.638437748,56.0034375,-120.81999999999996,0.0,8,20190608H140003,7,20190608H140000,1
326,36516,2019-06-08 14:26:24.704713106,55.997812500000016,-120.63499999999992,0.3125,6,20190608H140007,6,20190608H140000,1
327,36519,2019-06-08 14:26:14.946926594,56.040000000000006,-121.20000000000002,3.5,7,20190608H140011,6,20190608H140000,1
328,36520,2019-06-08 14:28:20.029038191,56.107500000000016,-120.965,4.4375,6,20190608H140012,6,20190608H140000,1
329,36522,2019-06-08 14:28:12.514870644,55.5675,-121.03999999999998,1.0,7,20190608H140014,-1,20190608H140000,1
330,36523,2019-06-08 14:26:19.056302309,56.01750000000002,-120.95999999999997,1.0,7,20190608H140015,-1,20190608H140000,1
331,36544,2019-06-08 14:40:11.869012594,55.99500000000002,-120.63999999999993,1.0,8,20190608H140043,-1,20190608H140000,1
332,36554,2019-06-08 14:40:05.090026855,56.17500000000002,-119.8799999999998,1.0,7,20190608H140057,-1,20190608H140000,1
333,36966,2019-06-08 15:32:31.998196125,55.79250000000001,-120.63999999999993,1.0,8,20190608H150182,-1,20190608H150000,1
334,36969,2019-06-08 15:29:38.503767252,55.7503125,-119.77999999999979,4.4375,7,20190608H150191,6,20190608H150000,1
335,37333,2019-06-08 16:51:34.652434349,55.5,-120.83999999999996,1.0,7,20190608H160157,-1,20190608H160000,1
336,37365,2019-06-08 16:51:33.869354486,55.5,-120.43999999999987,1.0,7,20190608H160201,-1,20190608H160000,1
337,37468,2019-06-08 17:02:29.937331438,56.28750000000003,-119.91999999999979,1.0,7,20190608H160379,-1,20190608H160000,1
338,37473,2019-06-08 16:47:13.981771708,55.927500000000016,-120.47999999999986,1.0,7,20190608H160397,-1,20190608H160000,1
339,37917,2019-06-08 18:48:50.188287973,55.78406250000001,-120.4399999999999,3.8125,7,20190608H180002,6,20190608H180000,1
340,37932,2019-06-08 19:01:16.031635046,55.88250000000002,-120.43999999999987,1.0,7,20190608H180022,-1,20190608H180000,1
341,37945,2019-06-08 19:01:01.158617258,55.5,-120.91999999999996,1.0,7,20190608H180039,-1,20190608H180000,1
342,37953,2019-06-08 19:01:18.946211576,55.97250000000002,-120.67999999999992,1.0,8,20190608H180049,-1,20190608H180000,1
343,37974,2019-06-08 18:35:49.971768618,55.97250000000002,-120.35999999999987,1.0,7,20190608H180078,-1,20190608H180000,1
344,38023,2019-06-08 19:02:36.415177107,55.95000000000002,-120.35999999999987,1.0,7,20190608H180165,-1,20190608H180000,1
345,38258,2019-06-08 19:59:27.914320230,56.01750000000002,-119.91999999999979,1.0,7,20190608H190000,-1,20190608H190000,1
346,38259,2019-06-08 19:59:27.959175348,55.95000000000002,-119.79999999999978,1.0,7,20190608H190001,-1,20190608H190000,1
347,38261,2019-06-08 19:59:39.145318985,55.83750000000001,-120.67999999999992,1.0,8,20190608H190003,-1,20190608H190000,1
348,38280,2019-06-08 19:06:47.674819946,56.06250000000002,-120.5599999999999,1.0,7,20190608H190032,-1,20190608H190000,1
349,38284,2019-06-08 19:01:15.333136797,55.92750000000001,-120.39499999999987,4.4375,6,20190608H190037,6,20190608H190000,1
350,38285,2019-06-08 19:01:13.106532574,55.95000000000002,-120.15999999999985,1.0,7,20190608H190039,-1,20190608H190000,1
351,38521,2019-06-08 19:14:42.342621326,55.83750000000001,-119.9799999999998,4.4375,6,20190608H190555,6,20190608H190000,1
352,38531,2019-06-08 19:14:43.368005991,55.899375000000006,-120.07999999999984,0.0625,6,20190608H190616,6,20190608H190000,1
353,38617,2019-06-08 20:40:11.448362589,56.15250000000002,-119.79999999999978,1.0,8,20190608H200029,-1,20190608H200000,1
354,38643,2019-06-08 20:40:12.164232016,56.107500000000016,-119.79999999999978,1.0,9,20190608H200062,-1,20190608H200000,1
355,38667,2019-06-08 20:52:53.434671402,56.22000000000003,-120.83999999999996,1.0,7,20190608H200095,-1,20190608H200000,1
356,38828,2019-06-08 21:01:02.369971514,55.90500000000002,-120.71999999999993,1.0,8,20190608H200354,-1,20190608H200000,1
357,39215,2019-06-08 22:41:37.886534452,56.01750000000002,-120.59999999999992,1.0,7,20190608H220051,-1,20190608H220000,1
358,39247,2019-06-08 23:00:51.682686567,55.68000000000001,-120.91999999999996,1.0,8,20190608H220086,-1,20190608H220000,1
359,39567,2019-06-08 23:11:11.470479012,56.08500000000002,-120.75999999999992,1.0,7,20190608H230027,-1,20190608H230001,1
360,39677,2019-06-08 23:10:21.691761971,55.927500000000016,-120.31999999999987,1.0,7,20190608H230192,-1,20190608H230001,1
361,39720,2019-06-08 23:57:29.922351837,55.471875,-119.8949999999998,0.0,6,20190608H230270,6,20190608H230001,1
362,39742,2019-06-08 23:11:48.537980080,55.6321875,-121.02499999999998,2.5625,8,20190608H230315,7,20190608H230001,1
363,39917,2019-06-08 23:06:44.510111569,56.107500000000016,-120.63999999999993,1.0,7,20190608H230754,-1,20190608H230001,1
364,40014,2019-06-09 00:18:36.084852219,55.72500000000001,-120.43999999999987,1.0,8,20190609H000121,-1,20190609H000000,1
365,40381,2019-06-09 02:23:07.646946430,55.99218750000001,-120.71499999999996,2.5625,17,20190609H020000,17,20190609H020000,1
366,40382,2019-06-09 02:54:57.136357069,56.06812500000001,-120.86999999999998,0.0,15,20190609H020001,14,20190609H020000,1
367,40691,2019-06-09 04:44:10.102839231,56.00343750000002,-120.65499999999993,0.0,7,20190609H040002,6,20190609H040000,1
368,40692,2019-06-09 04:44:04.706897497,56.07375000000002,-120.95999999999997,4.125,6,20190609H040003,6,20190609H040000,1
369,40693,2019-06-09 04:44:04.532664775,56.04000000000002,-120.99999999999996,1.0,7,20190609H040004,-1,20190609H040000,1
370,41100,2019-06-09 10:47:15.534962416,55.98656250000002,-120.67999999999994,0.0,9,20190609H100000,8,20190609H100000,1
371,41101,2019-06-09 10:47:14.804196596,55.97812500000001,-120.71999999999996,4.125,6,20190609H100001,6,20190609H100000,1
372,41154,2019-06-09 11:35:00.484457493,56.040000000000006,-120.95999999999998,2.875,9,20190609H110009,9,20190609H110009,1
373,41155,2019-06-09 11:35:03.073944330,55.95000000000001,-120.83999999999996,0.0,7,20190609H110013,6,20190609H110009,1
374,42079,2019-06-09 17:01:14.736258268,55.5225,-119.79999999999978,1.0,7,20190609H160053,-1,20190609H160001,1
375,42246,2019-06-09 16:57:12.952126980,55.5,-120.19999999999985,1.0,7,20190609H160510,-1,20190609H160001,1
376,42346,2019-06-09 17:11:34.838468552,56.13000000000002,-120.03999999999981,1.0,7,20190609H170045,-1,20190609H170000,1
377,42378,2019-06-09 17:11:32.997353077,56.22000000000003,-120.83999999999996,1.0,7,20190609H170090,-1,20190609H170000,1
378,42384,2019-06-09 17:48:40.536977291,55.753125,-120.55499999999992,0.0,6,20190609H170103,6,20190609H170000,1
379,42386,2019-06-09 17:11:35.314575434,56.107500000000016,-120.75999999999992,1.0,7,20190609H170105,-1,20190609H170000,1
380,42739,2019-06-09 19:22:46.628030062,55.829062500000006,-121.12,1.9375,6,20190609H190223,6,20190609H190000,1
381,42813,2019-06-09 20:14:09.066212177,55.86000000000002,-120.5599999999999,1.0,7,20190609H200000,-1,20190609H200000,1
382,42821,2019-06-09 20:35:28.082802057,55.525312499999984,-120.65499999999993,0.9375,6,20190609H200012,6,20190609H200000,1
383,42876,2019-06-09 20:57:10.802897453,56.26500000000003,-120.99999999999996,1.0,7,20190609H200164,-1,20190609H200000,1
384,43147,2019-06-09 23:04:17.943186522,55.584375,-120.4149999999999,1.3125,6,20190609H220013,6,20190609H220001,1
385,43782,2019-06-10 01:08:05.481365442,56.04562500000001,-120.78499999999997,0.0,12,20190610H010000,11,20190610H010000,1
386,43810,2019-06-10 01:59:06.162196398,55.86000000000001,-120.34499999999987,0.0,6,20190610H010039,6,20190610H010000,1
387,43934,2019-06-10 02:07:45.695185900,56.19750000000002,-120.35999999999987,1.0,8,20190610H020003,-1,20190610H020000,1
388,43971,2019-06-10 02:17:38.257962704,55.79250000000001,-120.11999999999985,1.0,7,20190610H020055,-1,20190610H020000,1
389,44497,2019-06-10 10:21:00.829274416,56.040000000000006,-120.67999999999994,3.5,13,20190610H100000,13,20190610H100000,1
390,44668,2019-06-10 14:00:55.749429226,55.86000000000002,-120.39999999999986,1.0,7,20190610H130006,-1,20190610H130000,1
391,44691,2019-06-10 13:41:34.210434198,56.26500000000003,-120.47999999999986,1.0,7,20190610H130048,-1,20190610H130000,1
392,45093,2019-06-10 15:45:58.579376221,55.77000000000001,-121.03999999999998,1.0,7,20190610H150205,-1,20190610H150000,1
393,45312,2019-06-10 17:00:16.597805977,55.83750000000001,-121.16,1.0,8,20190610H160046,-1,20190610H160000,1
394,45546,2019-06-10 17:32:18.455047607,55.99500000000002,-120.75999999999992,1.0,7,20190610H170012,-1,20190610H170000,1
395,45683,2019-06-10 17:50:38.375857592,55.5675,-120.11999999999985,1.0,7,20190610H170269,-1,20190610H170000,1
396,45848,2019-06-10 18:17:30.688059330,55.5,-120.5599999999999,1.0,7,20190610H180059,-1,20190610H180000,1
397,45912,2019-06-10 18:28:57.064675331,56.04000000000002,-121.16,1.0,7,20190610H180214,-1,20190610H180000,1
398,46427,2019-06-10 20:39:32.757905006,55.74750000000001,-120.19999999999985,1.0,7,20190610H200490,-1,20190610H200000,1
399,46470,2019-06-10 21:40:31.257349253,56.040000000000006,-120.4799999999999,2.25,17,20190610H210000,16,20190610H210000,1
400,46471,2019-06-10 21:07:14.253987312,56.04281250000001,-120.66499999999996,4.4375,6,20190610H210001,6,20190610H210000,1
401,46477,2019-06-10 21:59:38.071288109,56.076562500000016,-120.71499999999996,0.0,6,20190610H210007,6,20190610H210000,1
402,46900,2019-06-10 23:50:18.814075708,56.01750000000002,-120.51999999999991,1.0,13,20190610H230000,-1,20190610H230000,1
403,47146,2019-06-11 00:34:06.352579355,56.15250000000002,-121.16,1.0,7,20190611H000022,-1,20190611H000000,3
404,47153,2019-06-11 00:34:10.693524122,56.17500000000002,-120.67999999999992,1.0,8,20190611H000030,-1,20190611H000000,3
405,47208,2019-06-11 00:34:01.551809072,56.14406250000002,-119.74499999999979,4.4375,6,20190611H000127,6,20190611H000000,3
406,47614,2019-06-11 03:59:42.164407253,56.208750000000016,-119.87499999999979,0.0,6,20190611H030000,6,20190611H030000,3
407,48031,2019-06-11 09:52:44.208530426,56.02031250000002,-120.67499999999993,1.9375,14,20190611H090000,13,20190611H090000,3
408,49129,2019-06-11 17:59:18.487559795,56.16375000000002,-121.2,3.5,6,20190611H170021,6,20190611H170000,3
409,49139,2019-06-11 17:59:18.868215799,56.15250000000002,-121.16,1.0,7,20190611H170037,-1,20190611H170000,3
410,49161,2019-06-11 17:54:58.900316477,55.63500000000001,-121.07999999999998,1.0,8,20190611H170078,-1,20190611H170000,3
411,49574,2019-06-11 18:28:56.665107012,55.68000000000001,-120.63999999999993,1.0,7,20190611H180653,-1,20190611H180000,3
412,49626,2019-06-11 19:04:59.039332390,55.81500000000001,-120.47999999999986,1.0,7,20190611H190004,-1,20190611H190000,3
413,49911,2019-06-11 20:50:36.004749060,55.83750000000001,-120.63999999999993,1.0,7,20190611H200001,-1,20190611H200000,3
414,49921,2019-06-11 20:50:49.439602613,56.006250000000016,-120.51999999999992,0.0,6,20190611H200013,6,20190611H200000,3
415,50133,2019-06-11 20:40:46.190674782,55.77000000000001,-120.67999999999992,1.0,7,20190611H200464,-1,20190611H200000,3
416,50260,2019-06-11 21:55:46.153691053,55.99500000000002,-120.91999999999996,1.0,7,20190611H210017,-1,20190611H210000,3
417,50265,2019-06-11 21:32:30.520352840,56.13000000000002,-121.03999999999998,1.0,7,20190611H210023,-1,20190611H210000,3
418,50267,2019-06-11 21:32:30.580437660,55.5225,-120.27999999999987,1.0,7,20190611H210025,-1,20190611H210000,3
419,50288,2019-06-11 21:22:50.905681849,55.83750000000001,-121.2,1.0,7,20190611H210054,-1,20190611H210000,3
420,50303,2019-06-11 21:32:33.312794447,55.65750000000001,-119.99999999999982,1.0,7,20190611H210077,-1,20190611H210000,3
421,50337,2019-06-11 21:08:39.966099977,55.5675,-120.51999999999991,1.0,8,20190611H210121,-1,20190611H210000,3
422,50640,2019-06-11 23:04:17.544309855,56.22000000000003,-120.31999999999987,1.0,8,20190611H220002,-1,20190611H220000,3
423,50642,2019-06-11 22:10:29.539168835,55.99500000000002,-121.2,1.0,7,20190611H220004,-1,20190611H220000,3
424,51002,2019-06-11 23:47:33.879571438,55.53937499999999,-120.96999999999996,2.5625,7,20190611H230007,7,20190611H230000,3
425,51003,2019-06-11 23:47:35.555540562,55.60125,-120.95,2.5625,7,20190611H230008,7,20190611H230000,3
426,51009,2019-06-11 23:50:43.644954443,55.5225,-120.79999999999994,1.0,7,20190611H230014,-1,20190611H230000,3
427,51017,2019-06-11 23:50:49.152569294,56.15250000000002,-120.07999999999984,1.0,7,20190611H230024,-1,20190611H230000,3
428,51041,2019-06-11 23:34:16.435129881,55.5225,-119.9599999999998,1.0,7,20190611H230049,-1,20190611H230000,3
429,51140,2019-06-11 23:16:07.071977377,55.6771875,-120.80999999999996,0.0,6,20190611H230185,6,20190611H230000,3
430,51163,2019-06-11 23:07:51.201293945,55.5,-120.99999999999996,1.0,7,20190611H230228,-1,20190611H230000,3
431,51417,2019-06-12 01:04:01.340627193,55.99500000000002,-120.43999999999987,1.0,7,20190612H000021,-1,20190612H000000,3
432,51430,2019-06-12 00:18:24.392485142,55.72500000000001,-120.51999999999991,1.0,7,20190612H000036,-1,20190612H000000,3
433,51523,2019-06-12 00:18:16.298466921,55.5675,-120.03999999999981,1.0,7,20190612H000172,-1,20190612H000000,3
434,51546,2019-06-12 00:05:26.431974411,55.95281250000001,-119.95999999999981,1.3125,7,20190612H000213,6,20190612H000000,3
435,51552,2019-06-12 00:42:43.842740774,55.5675,-120.15999999999985,1.0,7,20190612H000225,-1,20190612H000000,3
436,51760,2019-06-12 01:05:50.461118221,55.97250000000002,-119.91999999999979,1.0,7,20190612H010008,-1,20190612H010000,3
437,51811,2019-06-12 01:42:41.954098225,56.16375000000002,-120.29499999999986,0.0,6,20190612H010079,6,20190612H010000,3
438,51813,2019-06-12 01:42:45.973656654,55.95000000000002,-120.35999999999987,1.0,7,20190612H010081,-1,20190612H010000,3
439,51872,2019-06-12 01:42:34.500330925,56.13000000000002,-120.91999999999996,1.0,7,20190612H010231,-1,20190612H010000,3
440,51996,2019-06-12 02:49:14.450911522,55.6996875,-120.68499999999996,4.4375,6,20190612H020019,6,20190612H020000,3
441,52236,2019-06-12 05:55:54.959293842,56.08500000000002,-120.75999999999992,1.0,13,20190612H050000,-1,20190612H050000,3
442,52453,2019-06-12 11:32:33.297244072,55.6575,-120.42999999999991,0.9375,9,20190612H110000,8,20190612H110000,3
443,52599,2019-06-12 13:25:54.807238102,55.90500000000002,-120.83999999999996,1.0,7,20190612H130042,-1,20190612H130000,3
444,52623,2019-06-12 13:20:11.073399067,55.81500000000001,-120.77999999999996,0.0,6,20190612H130076,6,20190612H130000,3
445,52646,2019-06-12 13:18:48.936898232,55.81500000000001,-120.87999999999997,1.0,7,20190612H130111,-1,20190612H130000,3
446,53003,2019-06-12 15:43:45.942359447,55.95000000000002,-121.2,1.0,7,20190612H150027,-1,20190612H150000,3
447,53009,2019-06-12 15:38:58.946227074,55.4775,-120.51999999999991,0.0,7,20190612H150033,6,20190612H150000,3
448,53220,2019-06-12 15:38:53.181540728,55.5675,-121.16,1.0,8,20190612H150493,-1,20190612H150000,3
449,53276,2019-06-12 16:22:56.461183071,55.99500000000002,-120.03999999999981,1.0,7,20190612H160006,-1,20190612H160001,3
450,53277,2019-06-12 16:22:52.942164660,55.99500000000002,-120.15999999999985,1.0,7,20190612H160007,-1,20190612H160001,3
451,53288,2019-06-12 16:29:54.500359534,55.7221875,-120.5249999999999,3.1875,7,20190612H160018,-1,20190612H160001,3
452,53296,2019-06-12 16:32:22.744644403,56.19750000000002,-119.83999999999979,1.0,7,20190612H160027,-1,20190612H160001,3
453,53522,2019-06-12 16:14:53.867265940,55.798125,-121.135,3.8125,6,20190612H160571,6,20190612H160001,3
454,53928,2019-06-12 18:45:44.058934689,55.65750000000001,-120.91999999999996,4.4375,6,20190612H180215,6,20190612H180000,3
455,54047,2019-06-12 19:16:23.917566538,55.5225,-121.2,1.0,8,20190612H190006,-1,20190612H190000,3
456,54054,2019-06-12 19:45:09.377247572,55.5,-119.91999999999979,1.0,10,20190612H190015,-1,20190612H190000,3
457,54213,2019-06-12 19:16:23.560075760,56.17500000000002,-120.61999999999992,3.5,6,20190612H190362,6,20190612H190000,3
458,54288,2019-06-12 20:39:53.368247032,56.00625000000001,-120.77999999999996,3.5,7,20190612H200013,6,20190612H200000,3
459,55094,2019-06-13 00:05:55.446773052,56.25656250000003,-120.25499999999987,2.5625,6,20190613H000002,6,20190613H000000,3
460,55140,2019-06-13 00:14:35.098800898,56.08500000000002,-120.91999999999996,1.0,7,20190613H000064,-1,20190613H000000,3
461,55176,2019-06-13 00:27:18.248093605,55.95000000000002,-120.31999999999987,1.0,7,20190613H000156,-1,20190613H000000,3
462,55781,2019-06-13 04:42:22.477830172,55.7671875,-120.75999999999992,4.125,6,20190613H040010,6,20190613H040000,3
463,56061,2019-06-13 05:47:00.863325357,56.17500000000001,-120.37499999999987,0.0,6,20190613H050019,6,20190613H050000,3
464,56171,2019-06-13 05:31:15.924229622,55.6771875,-120.84499999999998,3.1875,6,20190613H050423,6,20190613H050000,3
465,56472,2019-06-13 09:58:19.175967455,55.78125000000001,-120.99999999999996,0.0,6,20190613H090138,6,20190613H090001,3
466,56835,2019-06-13 14:35:27.863991261,55.96125000000002,-120.4999999999999,2.875,7,20190613H140000,7,20190613H140000,3
467,57020,2019-06-13 15:39:09.671067238,56.04000000000002,-120.59999999999992,1.0,11,20190613H150000,-1,20190613H150000,3
468,57953,2019-06-13 19:51:53.125339746,56.04000000000002,-120.47999999999986,1.0,19,20190613H190000,-1,20190613H190000,3
469,58046,2019-06-13 20:26:35.611359119,56.09062500000002,-120.56499999999993,1.625,7,20190613H200000,7,20190613H200000,3
470,58256,2019-06-13 21:57:24.544973612,55.68000000000001,-120.95999999999997,1.0,7,20190613H210006,-1,20190613H210000,3
471,58423,2019-06-13 22:23:00.264117956,56.03156250000002,-120.50999999999986,0.3125,7,20190613H220000,7,20190613H220000,3
472,58424,2019-06-13 22:22:59.377727032,56.05125000000001,-120.55999999999992,0.0,7,20190613H220001,7,20190613H220000,3
473,58436,2019-06-13 22:31:32.166466236,56.107500000000016,-120.99999999999996,1.0,7,20190613H220019,-1,20190613H220000,3
474,58451,2019-06-13 22:20:48.626191378,55.5,-120.63999999999993,1.0,7,20190613H220034,-1,20190613H220000,3
475,58490,2019-06-13 22:27:34.821688652,55.5675,-121.04,4.4375,6,20190613H220092,6,20190613H220000,3
476,58789,2019-06-13 23:51:19.045713663,55.86000000000001,-120.82999999999996,3.8125,6,20190613H230203,6,20190613H230000,3
477,58915,2019-06-14 00:29:28.853153706,55.97250000000002,-121.16,1.0,8,20190614H000000,-1,20190614H000000,3
478,58962,2019-06-14 00:28:50.025173187,56.26500000000003,-120.95999999999997,1.0,7,20190614H000055,-1,20190614H000000,3
479,58988,2019-06-14 00:29:01.770442963,55.97250000000002,-120.51999999999991,1.0,7,20190614H000106,-1,20190614H000000,3
480,59244,2019-06-14 01:49:05.553950787,55.77000000000001,-120.75999999999992,1.0,9,20190614H010024,-1,20190614H010007,3
481,59622,2019-06-14 03:07:32.810907602,55.97250000000002,-120.47999999999986,1.0,7,20190614H030069,-1,20190614H030000,3
482,59682,2019-06-14 03:52:43.259480953,55.97250000000002,-120.51999999999991,1.0,7,20190614H030169,-1,20190614H030000,3
483,59693,2019-06-14 03:42:14.177236319,55.545,-119.79999999999978,1.0,7,20190614H030186,-1,20190614H030000,3
484,59879,2019-06-14 04:53:50.581429720,55.90500000000002,-120.35999999999987,1.0,7,20190614H040074,-1,20190614H040000,3
485,60617,2019-06-14 10:18:24.820353508,55.68000000000001,-120.31999999999987,1.0,11,20190614H100000,-1,20190614H100000,3
486,61832,2019-06-14 18:27:42.521456002,56.037187500000016,-120.70999999999994,4.4375,12,20190614H180000,10,20190614H180000,3
487,62038,2019-06-14 19:54:42.205774784,55.87687500000001,-120.5449999999999,1.3125,6,20190614H190005,6,20190614H190000,3
488,62417,2019-06-14 21:28:47.178981066,55.96125000000002,-120.26999999999985,1.3125,6,20190614H210000,6,20190614H210000,3
489,62420,2019-06-14 21:35:49.769057035,56.22000000000003,-120.03999999999981,1.0,8,20190614H210003,-1,20190614H210000,3
490,62433,2019-06-14 21:10:10.690344334,56.17500000000002,-120.87999999999997,1.0,8,20190614H210018,-1,20190614H210000,3
491,62437,2019-06-14 21:35:38.486367941,55.5,-120.07999999999984,1.0,7,20190614H210022,-1,20190614H210000,3
492,62444,2019-06-14 21:44:19.259405375,55.90500000000002,-120.67999999999992,1.0,7,20190614H210029,-1,20190614H210000,3
493,62445,2019-06-14 21:39:28.454483271,55.78125,-120.35999999999987,1.625,6,20190614H210030,6,20190614H210000,3
494,62458,2019-06-14 21:39:33.473189354,55.99500000000002,-120.5599999999999,1.0,7,20190614H210043,-1,20190614H210000,3
495,62460,2019-06-14 21:45:45.341568947,55.72500000000001,-120.39999999999986,1.0,7,20190614H210045,-1,20190614H210000,3
496,62464,2019-06-14 21:44:12.848076344,55.68000000000001,-120.11999999999985,1.0,7,20190614H210050,-1,20190614H210000,3
497,62491,2019-06-14 21:35:14.650087833,55.95562500000001,-121.255,0.9375,7,20190614H210079,7,20190614H210000,3
498,62497,2019-06-14 22:02:51.615199804,56.04000000000002,-120.23999999999985,1.0,7,20190614H210085,-1,20190614H210000,3
499,62498,2019-06-14 21:47:32.229956627,55.81500000000001,-120.23999999999985,1.0,8,20190614H210086,-1,20190614H210000,3
